1;AcerAspire3Thin;3,2;187;29,999;20,822;Acer;Aspire3Thin;CharcoalBlack;15,6;1,9;LithiumPolymerbatteries;A315-22;AMD;AMDA4;2,2;1;4;DDR4;GDDR4;1024;MechanicalHardDrive;SolidState;Twobuilt-inspeakers;AMDRadeonR4;AMD;4;;802,11a/b/g/n/ac;2;1;1;1;1;220;BatteryPowered;Windows;1366;768;25,1;36,3;2
2;LenovoIdeapadS145;3,4;336;36,59;28,849;Lenovo;IdeapadS145;GREY;15,6;1,85;LithiumPolymerbatteries;81UT001CIN;AMD;RSeries;2,6;1;4;DDR4;DDRDRAM;1024;MechanicalHardDrive;SerialATA;SpeakerwithDolbyAudio;INTEGRATEDGFX;;4;;;1;2;1;1;;;BatteryPowered;Windows;1920;1080;36,2;25,1;2
3;DellVostro3581;3,3;270;;;Dell;Vostro;Black;15,6;2,4;Lithiumionbatteries;3581;Intel;Corei3;2,29;;4;DDR4;;1024;MechanicalHardDrive;;WavesMaxxAudioPro;IntelHD;Intel;;Wi-Fi,Bluetooth;;1;2;1;1;1;;BatteryPowered;;1366;768;25,8;38;2,1
4;HP14;3,5;304;22,409;22,163;HP;;;14;1,54;Lithiumionbatteries;cm0123au;AMD;AMDA4;2,3;1;4;;GDDR4;1024;MechanicalHardDrive;SerialATA;;AMDRadeonR3;;;;;;;;;;;;Windows;;;23,4;33,5;2
5;LenovoIdeapadS145AMDA6-922515,6inchHDThinandLightLaptop(4/1TB/Windows10/Grey/1,85),81N30063IN;3,4;494;26,49;21,99;Lenovo;IdeapadS145;GREY;15,6;1,85;LithiumPolymerbatteries;81N30063IN;AMD;ASeries;2,6;2;4;DDR4;DDR4SDRAM;1024;MechanicalHardDrive;SerialATA;SpeakerswithDolbyAudio;INTEGRATEDGFX;;;Wi-Fi,Bluetooth;802,11ac;1;2;1;1;;;BatteryPowered;Windows;1366;768;36,2;25,2;2
6;HP2457GZ75PA#ACJ14-inchLaptop(A6-9225/4/1TB/DOS/IntegratedGraphics),Black;3,5;53;20,448;20,44;HP;HP245;Black;14;1,8;Lithiumionbatteries;7GZ75PA#ACJ;AMD;AMDA6;1,8;2;4;DDR4;DDR4SDRAM;1024;MechanicalHardDrive;SerialATA;IntegratedStereoSpeakers;AMDRadeonR4;;4;;;1;2;1;1;1;;;DOS;1366;768;34;24;2,4
7;LenovoV145;1,6;8;25,999;23,9;Lenovo;V145;Black;15,6;2,1;Lithiumionbatteries;81MTA000IH;AMD;ASeries;2,3;;4;DDR4;;1024;MechanicalHardDrive;;StereospeakerswithDolbyAudio;AMDIntegratedgraphics;;;Wi-Fi,Bluetooth;;;2;1;1;1;;;;1366;768;37,6;25,3;2,3
8;LenovoIdeapadS145;;;29,29;23,921;Lenovo;IdeapadS145;Gray;15,6;1,85;LithiumPolymerbatteries;81N300J1IN;AMD;AMDA6;2,6;;4;DDR4;;256;FlashMemorySolidState;;DualSpeakerswithDolbyAudio;Integrated;;;;;1;2;1;1;;;;;1366;768;36,3;25,1;2
9;HP2456BF83PA2018;3,5;519;24,825;22,825;HP;HP245;Black;14;1,85;Abatteries;6BF83PA;AMD;AMDA6;1,8;2;4;DDR4;DDR4SDRAM;1024;MechanicalHardDrive;SerialATA;IntegratedStereoSpeakers;AMDRadeonR4;;4;;802,11b/g;1;2;1;1;1;;;Windows;1366;768;34;24;2,4
10;HP14;4,1;82;54,957,50;50,99;HP;;;14;1,54;Lithiumionbatteries;cs1002TU;Intel;Corei5;;4;8;;;256;FlashMemorySolidState;SolidState;;IntelHDGraphics620;;8;;;;;;;;;BatteryPowered;;;;33,5;23,4;2
11;HP15;3,5;264;42,911;37,99;HP;;;15,6;2,18;Lithiumionbatteries;ds0043tu;Intel;Corei3;2,3;2;4;;;1024;MechanicalHardDrive;;;IntelHDGraphics620;;;;;;;;;;;BatteryPowered;;;;37,6;24,6;2,3
12;LenovoYogaC64081UE0034IN;3,6;14;1,06,290;80,051;Lenovo;YogaC640;IronGrey;13,3;1,35;LithiumPolymerbatteries;81UE0034IN;Intel;Corei5;1,6;;8;DDR4;;512;FlashMemorySolidState;;FrontFacingDolbyAtmosSpeakers;INTEGRATEDGRAPHICS;;;;;;2;;1;;;;;1920;1080;30,6;20,4;1,7
13;AcerNitro5AN515-43;4,2;5;79,999;52,99;Acer;Nitro5;ObsidianBlack;15,6;2,3;Lithiumionbatteries;AN515-43;AMD;RSeries;;4;8;DDR4;;1024;MechanicalHardDrive;;WavesMaxxAudio;NVIDIAGeForceGTX1650;NVIDIA;4;Wi-Fi,Bluetooth;802,11a/b/g/n/ac;1;2;1;1;1;220;BatteryPowered;;1920;1080;25,5;36,3;2,6
14;HPPavilionx;4,4;42;93,553;84,99;HP;;;14;1,59;Lithiumionbatteries;dh0045TX;Intel;Corei7;1,8;4;16;;;512;FlashMemorySolidState;;;NVIDIAGeForceMX250GDDR5;;2;;;;;;;;;BatteryPowered;;;;32,4;22,4;2
15;HPChromebookx3;3,9;10;37,513,50;35,99;HP;ChromebookÂ x360;Naturalsilver;12;1,35;LithiumPolymerbatteries;12b-ca0006TU;Intel;Celeron;1,1;4;4;LPDD4;DDR4SDRAM;64;FlashMemorySolidState;SolidState;BangOlufsenspeakers;IntelUHDGraphics600;;;Wi-Fi,Bluetooth;;;3;;1;;;BatteryPowered;Unix;1366;768;21,6;27,2;1,7
16;HPPavilionx360;3,8;102;52,619;49,739;HP;;;14;1,59;LithiumPolymerbatteries;14-dh1006TU;Intel;Corei3;;2;4;;;256;FlashMemorySolidState;;;IntelUHD;;;;;;;;;;;BatteryPowered;;;;22,3;32,4;2,1
17;LenovoIdeapadS145;3,3;133;36,29;27,49;Lenovo;;;15,6;1,85;LithiumPolymerbatteries;81VD008PIN;Intel;Corei3;2,2;;4;;;1024;MechanicalHardDrive;;;IntegratedGraphics;;4;;;;;;;;;;;;;36,2;25,1;2
18;LenovoIdeapadS145;3,3;275;37,69;29,99;Lenovo;;;15,6;1,85;LithiumPolymerbatteries;81VD0082IN;Intel;Corei3;2,3;;4;;;1024;MechanicalHardDrive;;;IntegratedGraphics;;;;;;;;;;;;;;;36,2;25,1;2
19;HP15;4;15;26,645;26,625;HP;15;Jetblack;15,6;2,18;Lithiumionbatteries;di0001TU;Intel;Pentium;;;4;DDR4;;1024;MechanicalHardDrive;;Dualspeakers;IntelUHD610;Intel;;Wi-Fi,Bluetooth;;1;2;1;1;1;;;;1366;768;24,6;37,6;2,3
20;DELLInspiron3493;;;40,038;38,5;Dell;Inspiron;PlatinumSilver;14;1,68;Lithiumionbatteries;3493;Intel;Corei3;;;4;DDR4;;256;FlashMemorySolidState;;WavesMaxxAudio;IntelHDGraphics;Intel;4;Wi-Fi;;1;2;1;1;1;;BatteryPowered;;1920;1080;24,2;33,9;2,1
21;AVITACosmosNS14A1IN502P;4,1;97;53,99;33,99;AVITA;;;14;1,49;Lithiumionbatteries;NS14A1IN502P;Intel;Corei5;;;8;;;256;FlashMemorySolidState;;;IntelHDGraphics615;;;;802,11b/n/ac;;;;;;;BatteryPowered;;;;33,3;33,3;22,2
22;LenovoIdeapadS145;;;39,79;32,99;Lenovo;IdeapadS145;Gray;15,6;1,85;LithiumPolymerbatteries;81UT00EFIN;AMD;RSeries;2,6;;8;DDR4;;256;FlashMemorySolidState;;DualSpeakerswithDolbyAudio;Integrated;;;;;1;2;1;1;;;;;1920;1080;36,3;25,1;2
23;HP14;3,7;347;53,554;46,99;HP;;;14;1,59;Lithiumionbatteries;cs0017TU;Intel;Corei5;3,9;4;8;;;1024;MechanicalHardDrive;;;IntelUHD620;;;;;;;;;;;BatteryPowered;;;;33,5;23,4;2
24;MicrosoftSurfaceLaptop2LQL-00023;4,3;84;92,999;76,28;Microsoft;SurfaceLaptop2;Platinum;13,5;1,25;Lithiumionbatteries;1769;Intel;Corei58250U;1,6;4;8;LPDDR3;;128;FlashMemorySolidState;;StereospeakerswithDolbyAudioPremium;IntelUHDGraphics620;;;Wi-Fi,Bluetooth;802,11ac;;1;;1;;;BatteryPowered;;2256;1504;30,8;22,3;1,5
25;LenovoIdeapadS145;3,4;318;39,79;32,99;Lenovo;;;15,6;1,85;LithiumPolymerbatteries;81VD0086IN;Intel;Corei3;2,2;;8;;;1024;MechanicalHardDrive;;;IntegratedGraphics;;;;;;;;;;;;;;;36,2;25,1;2
26;HP14;4,2;635;53,303;51,99;HP;6AQ83PA;NaturalSilver;14;1,43;Lithiumionbatteries;6AQ83PA;Intel;Corei5;1,6;8;8;DDR4;DDR4SDRAM;1024;MechanicalHardDrive;SolidState;BangOlufsenspeakers;IntelUHDGraphics;Intel;8;;;2;;1;2;1;;;Windows;1920;1080;45,2;30,4;7,1
27;ASUSVivoBook15X509FA-EJ342T;4,4;3;39,99;29,999;ASUS;VivoBook15;SlateGrey;15,6;1,9;Lithiumionbatteries;X509FA-EJ342T;Intel;Corei3;3,9;2;4;DDR4;;1024;MechanicalHardDrive;SerialATA;inspeakerinmicrophone;IntelIntegratedUHD620;Intel;;Wi-Fi,Bluetooth;802,11ac;2;2;1;1;;;;Windows;1920;1080;23,5;36;2,3
26;HP14;4,2;635;53,303;51,99;HP;6AQ83PA;NaturalSilver;14;1,43;Lithiumionbatteries;6AQ83PA;Intel;Corei5;1,6;8;8;DDR4;DDR4SDRAM;1024;MechanicalHardDrive;SolidState;BangOlufsenspeakers;IntelUHDGraphics;Intel;8;;;2;;1;2;1;;;Windows;1920;1080;45,2;30,4;7,1
28;ASUSTUFGamingFX505DY-BQ002T;4;1138;68,99;52,99;ASUS;;;15,6;2,2;LithiumPolymerbatteries;FX505DY-BQ002T;Ryzen53550H;;3,7;4;8;;;1024;MechanicalHardDrive;SerialATA;;AMDRADEONRX560X;;4;;;;;;;;;;;;;26,2;36;2,6
29;LenovoIdeapadS145;4,1;88;40,49;33,99;Lenovo;;;15,6;1,85;LithiumPolymerbatteries;81VD008NIN;Intel;Corei3;2,2;;4;;;256;FlashMemorySolidState;;;IntegratedGraphics;;;;;;;;;;;;;;;36,2;25,1;2
30;DELLInspiron5491;;;49,99;46,99;Dell;Inspiron;PlatinumSilver;14;1,86;Lithiumionbatteries;5491;Intel;Corei3;;;4;DDR4;;256;FlashMemorySolidState;;WavesMaxxAudio;IntelHDGraphics;Intel;4;Wi-Fi;;1;3;1;1;1;;BatteryPowered;;1920;1080;23,2;32,8;2
31;LenovoIdeapadS145;3,4;150;49,89;31,99;Lenovo;;;15,6;1,85;LithiumPolymerbatteries;81MV009JIN;Intel;Corei3;3,9;2;4;;;1024;MechanicalHardDrive;;;Integrated;;;;;;;;;;;BatteryPowered;;;;36,2;25,1;2,1
32;DellInspiron3583;3,4;89;59,99;46,99;Dell;Inspiron;Silver;15,6;2;Lithiumionbatteries;3583;Intel;Corei5;;;8;DDR4;;1024;MechanicalHardDrive;;WavesMaxxAudio;2AMDRadeon520;;2;Wi-Fi;;1;1;1;1;1;;BatteryPowered;;1920;1080;25,8;38;2
33;DELLVostro3490;3,2;37;34,834;31,99;Dell;;;14;1,68;Lithiumionbatteries;3490;Intel;Corei3;;;4;;;1024;MechanicalHardDrive;;;IntelHDGraphics;;;;;;;;;;;BatteryPowered;;;;24,2;33,9;2,1
34;AcerAspire3A315-22;3,3;14;34,999;24,98;Acer;Aspire3;Black;15,6;1,9;Lithiumionbatteries;A315-22;AMD;ASeries;2,6;2;4;DDR4;;256;FlashMemorySolidState;;instereospeaker;AMDRadeonR5;AMD;8;Wi-Fi,Bluetooth;802,11a/b/g/n/ac;2;1;1;1;1;220;BatteryPowered;;1366;768;25;36,3;2
35;ASUSVivoBook14X409FA-EK502T;3,9;13;54,99;46,99;ASUS;ASUS;SlateGray;14;1,6;LithiumPolymerbatteries;X409FA-EK502T;Intel;Corei5;;4;8;DDR4;DDR4SDRAM;512;FlashMemorySolidState;;Built-inspeaker;IntelUHDGraphics620;;;Wi-Fi,Bluetooth;;2;2;1;1;1;;BatteryPowered;;1920;1080;21,6;32,5;2,3
36;HPPavilionx360;4;308;52,618;44,99;HP;;;14;1,59;Lithiumionbatteries;14-dh0107TU;Intel;Corei3;2,1;2;4;;;256;FlashMemorySolidState;;;IntelIntegrated;;;;;;;;;;;BatteryPowered;PC;;;32,4;22,3;2,1
37;HPPavilionx360;4;53;80,007;70,834;HP;;;14;1,59;Lithiumionbatteries;14-dh1010TU;Intel;Corei5;1,6;4;8;;;256;FlashMemorySolidState;;;IntelUHD;;;;;;;;;;;BatteryPowered;;;;22,3;32,4;2,1
38;LenovoIdeaPadS145;3,6;31;48,19;36,49;Lenovo;;;15,6;1,85;LithiumPolymerbatteries;81W800C3IN;Intel;Corei3;1,2;;4;;;256;FlashMemorySolidState;;;INTEGRATEDGRAPHICS;;;;;;;;;;;;;;;36,2;25,1;2
39;DellVostro153590;;;61,49;56,5;Dell;;BLACK;15,6;2,17;;DellVostro153590;Intel;Corei5;1,6;4;4;8,DDR4,2666MHz;;1024;MechanicalHardDrive;eSATA;speakerswithWavesMaxxAudioPro;AMDRadeon520Graphics2GDDR5;AMDRadeonTM610Serieswith2GGDDR5graphicsmemo;2;Wi-Fi,Bluetooth;;1;2;1;;1;;;Windows;1920;1080;25,7;38;2
40;LenovoIdeapadS145;2,1;3;43,29;32,98;Lenovo;IdeapadS145;GREY;15,6;1,85;LithiumPolymerbatteries;81VD007AIN;Intel;Corei3;2,3;;4;DDR4;;1024;MechanicalHardDrive;;DualSpeakers,withDolbyAudio;IntegratedGraphics;;;;;1;2;1;1;;;;;1920;1080;36,2;25,1;2
41;LenovoIdeaPadS34081;3,6;24;83,89;61,2;Lenovo;;;15,6;1,79;LithiumPolymerbatteries;81WL002RIN;Intel;Corei5;1;2;8;;;1024;HybridDrive;eSATA;;NVIDIAMX250;;2;;;;;;;;;BatteryPowered;;;;35,8;24,5;1,8
42;HP15;;;41;34,99;HP;15;JetBlack;15,6;1,77;Lithiumionbatteries;da0412tu;Intel;Corei38130U;2,2;;4;DDR4;;1024;MechanicalHardDrive;;DualSpeakers;IntelUHDÂ 620;Intel;;Wi-Fi,Bluetooth;;1;2;1;1;1;;;;1920;1080;24,6;37,6;2,3
43;HP148;3,7;347;53,554;46,99;HP;;;14;1,59;Lithiumionbatteries;cs0017TU;Intel;Corei5;3,9;4;8;;;1024;MechanicalHardDrive;;;IntelUHD620;;;;;;;;;;;BatteryPowered;;;;33,5;23,4;2
44;LenovoThinkPadE14;4,3;10;56,984;38,99;Lenovo;;;14;1,77;Lithiumionbatteries;20RAS0SF00;Intel;Corei3;;;4;;;256;FlashMemorySolidState;;;IntelUHDGraphics;;;;;;;;;;;;;;;32,5;23,2;2,1
45;DellInspiron3595;3,1;57;;;Dell;;;15,6;2,2;LithiumPolymerbatteries;3595;AMD;AMDA6;2,6;1;4;;DDR4SDRAM;1024;MechanicalHardDrive;SerialATA;;RadeonR4IntegratedGraphics;;;;;;;;;;;BatteryPowered;Windows;;;25,8;38;2,3
46;ASUSVivoBookX411QA-EK202T;3,6;26;39,99;33,99;ASUS;VivoBook14;Gold;14;1,43;LithiumMetalbatteries;X411QA-EK202T;AMD;A-Series;2,7;4;8;DDR4;DDR4SDRAM;512;FlashMemorySolidState;;StereoSpeakerswithMicrophone;AMDRadeonR7graphics;;;Wi-Fi,Bluetooth;;2;2;1;1;;;BatteryPowered;;1920;1080;22,6;32,6;2
47;ASUSVivoBook15X509FA-EJ372T;4,6;3;42,99;35,98;ASUS;VivoBook15;SlateGrey;15,6;1,9;Lithiumionbatteries;X509FA-EJ372T;Intel;Corei3;2,1;1;4;DDR4;;512;FlashMemorySolidState;SerialATA;StereoSpeakerswithMicrophone;IntelIntegratedUHD620;Intel;;Wi-Fi,Bluetooth;802,11ac;2;2;1;1;;;;Windows;1920;1080;23,5;36;2,3
38;LenovoIdeaPadS145;3,6;31;48,19;36,49;Lenovo;;;15,6;1,85;LithiumPolymerbatteries;81W800C3IN;Intel;Corei3;1,2;;4;;;256;FlashMemorySolidState;;;INTEGRATEDGRAPHICS;;;;;;;;;;;;;;;36,2;25,1;2
48;LenovoIdeapad33081D100H1IN;2,6;10;31,39;25,4;Lenovo;Lenovoideapad330;PlatinumGrey;15,6;2,2;Abatteries;81D100H1IN;Intel;PentiumOther;1,1;4;4;DDR4;DDR4SDRAM;1024;MechanicalHardDrive;eSATA;SpeakerswithDolbyAudio;IntegratedGFX;;;Wi-Fi;;;2;1;1;1;;;WINDOWS10HOMESL;1366;768;37,8;26;2,3
10;HP14;4,1;82;54,957,50;50,99;HP;;;14;1,54;Lithiumionbatteries;cs1002TU;Intel;Corei5;;4;8;;;256;FlashMemorySolidState;SolidState;;IntelHDGraphics620;;8;;;;;;;;;BatteryPowered;;;;33,5;23,4;2
49;HP15di0006tu;3,7;17;32,851;31,989;HP;15;JetBlack;15,6;1,77;Lithiumionbatteries;di0006tu;Intel;Corei38130U;2,2;4;4;DDR4;DDR4SDRAM;1024;MechanicalHardDrive;eSATA;DualSpeaker;IntelUHD620;IntelUHDGraphics620;;Wi-Fi,Bluetooth;;1;2;1;1;1;;;Windows;1920;1080;24,6;37,6;2,3
50;ASUSROGG703GI-E5148T;3,9;17;5,99,990;4,99,990;ASUS;ROG;Aluminum;17,3;4,7;Lithiumionbatteries;G703GI-E5148T;Intel;Corei9;2,9;6;64;DDR4;;2048;HybridDrive;SerialATA;StereoSpeakerswithMicrophone;NVIDIAGeForceGTX1080;NVIDIA;8;Wi-Fi,Bluetooth;802,11ac;;4;1;1;1;;;;1920;1080;31,9;42,5;5,1
51;HPPavilionx3;3,8;102;52,619;49,739;HP;;;14;1,59;LithiumPolymerbatteries;14-dh1006TU;Intel;Corei3;;2;4;;;256;FlashMemorySolidState;;;IntelUHD;;;;;;;;;;;BatteryPowered;;;;22,3;32,4;2,1
52;ASUSVivoBookX510QA-EJ201T;4;8;38,99;33,99;ASUS;VivoBook15;Grey;15,6;1,7;Lithiumionbatteries;X510QA-EJ201T;AMD;ASeries;2,7;4;8;DDR4;DDR4SDRAM;512;FlashMemorySolidState;;StereoSpeakerswithMicrophone;AMDintegratedRadeonR7graphics;;;Wi-Fi,Bluetooth;;2;1;1;1;;;BatteryPowered;;1920;1080;24,3;36,1;1,9
53;ASUSVivoBook14X409UA-EK362T;4,1;14;43,99;31,99;ASUS;VivoBook14;SlateGrey;14;1,6;Lithiumionbatteries;X409UA-EK362TS;Intel;Corei3;2,3;2;4;DDR4;DDR4SDRAM;256;FlashMemorySolidState;;StereoSpeakerswithMicrophone;IntegratedIntelUHDGraphics620;;;Wi-Fi,Bluetooth;;2;2;1;1;;;BatteryPowered;;1920;1080;21,6;32,5;2,3
54;AcerAspire3;1;1;20,999;17,499;Acer;Aspire3;ObsidianBlack;15,6;2,1;Lithiumionbatteries;NX,GY3SI,004;Intel;Celeron;1,6;2;2;DDR3;DDR3SDRAM;500;MechanicalHardDrive;SerialATA;2;IntelGraphics;;;Wi-Fi,Bluetooth;802,11ac;1;2;1;1;1;220;;;1366;768;25,9;38,1;20,8
55;ASUSVivoBookX411QA-EK201TAMDQuadCoreA12-9720P;3,4;26;38,99;29,99;ASUS;VivoBook14;Grey;14;1,43;LithiumPolymerbatteries;X411QA-EK201T;AMD;A-Series;2,6;4;8;DDR4;DDR4SDRAM;512;FlashMemorySolidState;eSATA;StereoSpeakerswithMicrophone;AMDRadeonR7graphics;;;Wi-Fi,Bluetooth;802,11ac;2;2;1;1;;;;;1920;1080;22,6;32,6;2
56;AcerAspire5A515-53K;;;42,99;28,99;Acer;;Black;15,6;3;Lithiumionbatteries;nx,h9rsi,003;Intel;Corei3Family;2,3;2;4;;GDDR4;1024;MechanicalHardDrive;SerialATA;;IntelUHDGraphics620;;4;;;;;;;;;;Windows;1920;1080;;;
57;HPPavilion;4,6;3;62,464;56,99;HP;Pavilion14;Mineralsilver;14;1,6;Lithiumionbatteries;14-ce3006TU;Intel;Corei5;1;4;8;DDR4;;256;FlashMemorySolidState;;BangOlufsenspeakers;IntelIntegrated;;;Wi-Fi,Bluetooth;;;3;1;1;1;;BatteryPowered;;1920;1080;22,6;32,7;1,8
58;LenovoThinkPadE14;;;51,047;38,99;Lenovo;E14;black;14;1,77;Lithiumionbatteries;20RAS0SG00;Intel;Corei3;;;4;DDR4;;1024;MechanicalHardDrive;;DolbyAdvancedAudio;IntelUHDGraphics;Intel;;;;1;3;1;1;1;;;;1920;1080;32,5;23,2;2,1
59;LenovoLegionY5409thGenIntel;4,4;734;99,79;65,99;Lenovo;;;15,6;2,3;LithiumPolymerbatteries;81SY00CKIN;Intel;Corei5;2,4;4;8;;;512;FlashMemorySolidState;;;NVIDIAGeForceGTX1650;;4;;;;;;;;;BatteryPowered;;;;36;26,7;2,4
60;ASUSVivoBook14X409UA-EK361T;3,3;12;43,99;31,99;ASUS;VivoBook14;TransparentSilver;14;1,6;Lithiumionbatteries;X409UA-EK361TS;Intel;Corei3;2,3;2;4;DDR4;DDR4SDRAM;256;FlashMemorySolidState;;StereoSpeakerswithMicrophone;IntegratedIntelUHDGraphics620;;;Wi-Fi,Bluetooth;;2;2;1;1;;;BatteryPowered;;1920;1080;21,6;32,5;2,3
61;LenovoV15;;;38;35,99;Lenovo;V15;Gray;15;1,85;Lithiumionbatteries;81YD001MIH;Intel;Corei38130U;;;;DDR4;;1024;MechanicalHardDrive;;stereospeakers;IntelUHDGraphics620;;;Wi-Fi,Bluetooth;;1;2;1;1;;;;;1366;768;36,2;25,2;2
62;HP15db1080AU;;;;;HP;15;JetBlack;15,6;1,8;Lithiumionbatteries;db1080AU;AMD;ASeries;;;;DDR4;;1024;MechanicalHardDrive;;DualSpeakers;AMDRadeonR3Â ;;;Wi-Fi,Bluetooth;;1;2;1;1;1;;;;1366;768;24,6;37,6;2,3
63;HP15;3,2;439;39,753;33,99;HP;;;15,6;2,04;Lithiumionbatteries;15q-ds0006TU;Intel;Corei37100U;2,4;2;4;;;1024;MechanicalHardDrive;;;IntelHDGraphics620;;;;;;;;;;;;PC;;;37,6;24,6;2,3
64;HPPavilion14;4,6;3;62,464;56,99;HP;Pavilion14;Mineralsilver;14;1,6;Lithiumionbatteries;14-ce3006TU;Intel;Corei5;1;4;8;DDR4;;256;FlashMemorySolidState;;BangOlufsenspeakers;IntelIntegrated;;;Wi-Fi,Bluetooth;;;3;1;1;1;;BatteryPowered;;1920;1080;22,6;32,7;1,8
65;LenovoIdeapadS145;4;1;50,29;35,99;Lenovo;IdeapadS145;GREY;15,6;1,85;LithiumPolymerbatteries;81UT00J7IN;AMD;RSeries;;;4;DDR4;;1024;MechanicalHardDrive;;DualSpeakerswithDolbyAudio;IntegratedGraphics;;;;;1;2;1;1;;;;;1920;1080;36,2;25,2;2
66;HPPavilionx3;4,4;42;93,553;84,99;HP;;;14;1,59;Lithiumionbatteries;dh0045TX;Intel;Corei7;1,8;4;16;;;512;FlashMemorySolidState;;;NVIDIAGeForceMX250GDDR5;;2;;;;;;;;;BatteryPowered;;;;32,4;22,4;2
67;HPEliteBook1040G314;;;59,999;49,999;HP;;Black;14;1,9;Lithiumionbatteries;EliteBook1040G3-cr;Intel;Corei76600U;2,6;2;8;;SODIMM;256;SolidStateHardDrive;SolidState;;IntelHD;Intel;;Wi-Fi,Bluetooth;802,11a/b/g/n/ac;;;;;;;;Windows;1920;1080;35;29;3,2
68;HP15sfr1004TU;3,8;352;45,711;39,99;HP;15s;NaturalSilver;15,6;1,69;Lithiumionbatteries;fr1004TU;Intel;Corei3;;2;4;DDR4;;512;FlashMemorySolidState;SolidState;Dualspeakers;IntelUHD;Intel;;Wi-Fi,Bluetooth;;;3;1;1;;;;;1920;1080;24,2;35,9;1,8
69;AcerNitro5AN515-43;3,8;9;93,999;61,99;Acer;Nitro5;ObsidianBlack;15,6;2,3;Lithiumionbatteries;AN515-43;AMD;RSeries;;4;8;DDR4;;1024;HybridDrive;;WavesMaxxAudio;NVIDIAGeForceGTX1650;NVIDIA;4;Wi-Fi,Bluetooth;802,11a/b/g/n/ac;1;3;1;1;1;220;BatteryPowered;;1920;1080;25,5;36,3;2,6
70;ASUSVivoBookX411QA-EK001T;3,1;9;32,99;24,94;ASUS;VivoBook14;Grey;14;1,43;Lithiumionbatteries;X411QA-EK001T;AMD;ASeries;2,7;4;4;DDR4;DDR4SDRAM;1024;MechanicalHardDrive;SerialATA;StereoSpeakerswithMicrophone;AMDRadeonR7graphics;;;Wi-Fi,Bluetooth;802,11ac;2;2;1;1;;;;;1920;1080;2;32,6;22,6
71;LenovoIdeapadS145;3,5;11;64,59;48,99;Lenovo;IdeapadS145;Grey;15,6;1,85;LithiumPolymerbatteries;81W800E9IN;Intel;Corei5;1;;8;DDR4;;512;FlashMemorySolidState;;SpeakerwithDolbyAudio;IntegratedGraphics;;;;;1;2;1;1;;;;;1920;1080;36,2;25,1;2
36;HPPavilionx360;4;308;52,618;44,99;HP;;;14;1,59;Lithiumionbatteries;14-dh0107TU;Intel;Corei3;2,1;2;4;;;256;FlashMemorySolidState;;;IntelIntegrated;;;;;;;;;;;BatteryPowered;PC;;;32,4;22,3;2,1
72;LenovoV15;;;36,402;27,99;Lenovo;V15;Gray;15;1,85;Lithiumionbatteries;81YD001KIH;Intel;Corei38130U;;;;DDR4;;1024;MechanicalHardDrive;;Dolbystereospeakers;IntelUHD620;;;Wi-Fi,Bluetooth;;1;2;1;1;;;;;1366;768;36,2;25,2;2
73;ASUSVivoBook15M509DA-EJ581T;4;24;44,99;39,789;ASUS;ASUS;TRANSPARENTSILVER;15,6;1,9;LithiumPolymerbatteries;M509DA-EJ581T;AMD;RSeries;;4;8;DDR4;DDR4SDRAM;1024;MechanicalHardDrive;;StereoSpeakerswithMicrophone;AMDRadeonVega8Graphics;;;Wi-Fi,Bluetooth;;2;2;1;1;1;;BatteryPowered;;1920;1080;23,5;36;2,3
74;AcerAspire3A315-56;;;53,209;43,333;Acer;Aspire3;Black;15,6;1,9;Lithiumionbatteries;A315-56;Intel;Corei5;;;8;DDR4;;1024;MechanicalHardDrive;;instereospeaker;IntelUHD;Intel;;Wi-Fi,Bluetooth;802,11a/b/g/n/ac;2;1;1;1;1;;BatteryPowered;;1920;1080;24,7;36,3;2
75;LenovoIdeapadS145;3,3;56;38,29;29,999;Lenovo;IdeapadS145;GREY;15,6;1,85;LithiumPolymerbatteries;81VD0008IN;Intel;Corei3;2,3;;4;DDR4;;1024;MechanicalHardDrive;;SpeakerswithDolbyAudio;INTEGRATEDGFX;;;;;1;2;1;1;;;;;1920;1080;36,2;25,2;2
76;DELLVostro3591;;;83,478;79,99;Dell;;black;15,6;2,2;;Dell3591;Intel;Corei56600;;1;16;;;512;SSD;eSATA;;nvidia;;;;;;;;;;;;;1920;1080;38,1;30,5;2,5
77;LenovoV14;;;;;Lenovo;V14;Gray;14;1,6;Lithiumionbatteries;81YA002VIH;Intel;Corei38130U;;;;DDR4;;;FlashMemorySolidState;;stereospeakers;IntelUHDGraphics620;;;Wi-Fi,Bluetooth;;1;2;1;1;;;;;1366;768;32,7;24,1;2
78;HP15;3,1;17;44,531;41,99;HP;;Silver;15,6;1,74;Lithiumionbatteries;7NH61PA;Intel;Corei3-2120;3,9;2;8;DDR4;;1024;MechanicalHardDrive;SerialATA;;IntelÂ®UHDGraphics620;;;;;;;;;;;;;1920;1080;35,8;24,2;2
79;AcerPredatorTriton300PT315-512019;1;2;1,24,400;99,99;Acer;PredatorTriton300;AbyssalBlack;15,6;2,3;Lithiumionbatteries;PT315-51;Intel;Corei7;;;16;DDR4;;1024;HybridDrive;;WavesMaxxAudio;NVIDIAGeForceGTX1650;NVIDIA;4;;802,11a/b/g/n/ac;;3;1;1;1;220;BatteryPowered;;1920;1080;25,9;36,3;2,3
80;ASUSVivoBook15X509UA-EJ245T;3,1;10;32,99;25,999;ASUS;VivoBook15;TransparentSilver;15,6;1,9;Lithiumionbatteries;X509UA-EJ245T;Intel;Pentium;2,3;1;4;DDR4;DDR4SDRAM;256;FlashMemorySolidState;SolidState;StereoSpeakerswithMicrophone;IntelIntegratedHDGraphics610;Intel;;Wi-Fi,Bluetooth;802,11ac;2;2;1;1;;;;;1920;1080;23,5;36;2,3
81;HP14Scr2000TX;4,2;30;69,092;63,99;HP;14S;NaturalSilver;14;1,47;Lithiumionbatteries;cr2000TX;Intel;Corei5;1,6;2;8;DDR4;;1024;HybridDrive;SerialATA;Dualspeakers;AMDRadeonGraphics530;AMD;2;Wi-Fi,Bluetooth;;;3;1;1;;;BatteryPowered;;1920;1080;22,5;32,4;2
82;HPPavilionx360;4,2;28;64,803;59,888;HP;Pavilionx360;NaturalSilver;14;1,59;LithiumMetalbatteries;14-dh1008TU;Intel;Corei3;;2;4;DDR4;;1024;HybridDrive;;BangOlufsenspeakers;IntelUHD;;;Wi-Fi,Bluetooth;;;3;1;1;;;BatteryPowered;;1920;1080;22,3;32,4;2,1
83;ASUSTUFGamingA15;3,3;5;93,99;78,99;ASUS;TUFGamingA15;BonfireBlack;15,6;2,3;LithiumPolymerbatteries;FA506II-HN153T;AMD;RSeries;;;8;DDR43200MHz;;1024;HybridDrive;;inarraymicrophone;NVIDIAÂ GeForceÂ GTXÂ 1650Â Ti;NVIDIA;4;Wi-Fi,Bluetooth;;1;3;1;1;1;;;Windows;1920;1080;25,6;35,9;2,5
84;LenovoIdeaPadS54081NG002BIN;4,2;90;93,69;66,4;Lenovo;;;15,6;1,8;LithiumPolymerbatteries;81NG002BIN;Intel;Corei5;1,6;;8;;;1024;HybridDrive;;;NVIDIAMX250;;2;;;;;;;;;;;;;35,8;24,5;1,7
85;HP15sdu0120tu;3,8;28;41,022,50;37,89;HP;15s;NaturalSilver;15,6;1,74;Lithiumionbatteries;du0120tu;Intel;Corei3;3,9;2;4;DDR4;;1024;MechanicalHardDrive;SerialATA;DualSpeaker;IntelUHD620;Intel;;Wi-Fi,Bluetooth;802,11b/g/n;;3;1;1;1;;BatteryPowered;;1920;1080;24,2;35,9;2
86;HPPavilion1414-ce3022TX2019;4,3;21;74,159;70,988;HP;Pavilion14;Mineralsilver;14;1,6;Lithiumionbatteries;14-ce3022TX;Intel;Corei5;;;8;DDR4;;1024;HybridDrive;;BangOlufsenspeakers;NVIDIAMX250;NVIDIA;2;Wi-Fi,Bluetooth;;;3;1;1;1;;;;1920;1080;22,6;32,7;1,8
87;AcerAspire3Thin;3,9;72;79,999;51,99;Acer;Aspire3Thin;CharcoalBlack;15,6;1,9;Lithiumionbatteries;A315-55G;Intel;Corei7;1,8;;8;DDR4;;1024;MechanicalHardDrive;;indigitalstereospeakers;NVIDIAGeForceMX230;NVIDIA;2;Wi-Fi,Bluetooth;802,11a/b/g/n/ac;1;1;1;1;1;220;BatteryPowered;;1920;1080;25,1;36,3;1,9
88;AcerAspire5A515-52K;;;35,999;31,478;Acer;Aspire5;Black;15,6;1,8;Lithiumionbatteries;A515-52K;Intel;Corei3;;;;DDR4;;1024;MechanicalHardDrive;;AcerTrueHarmonytechnology;IntelHDGraphics620;;;Wi-Fi,Bluetooth;802,11a/b/g/n/ac;2;2;1;1;1;;;;1920;1080;24,7;36,3;1,8
89;LenovoV130;3,8;57;36,694;29;Lenovo;V130-15IKB;IRONgray;15,6;1,8;LithiumPolymerbatteries;81HN00FQIH;Intel;Corei3;2,3;1;4;DDR4;DDR4SDRAM;1024;MechanicalHardDrive;eSATA;DolbyAdvancedAudio;IntelHDGraphics620;;;Wi-Fi,Bluetooth;Bluetooth;1;1;1;1;1;;;;1366;768;37,5;25,3;2,2
90;DELLInspiron3593;3,8;32;65,646;64,85;Dell;Inspiron;PlatinumSilver;15,6;2,2;LithiumPolymerbatteries;3593;Intel;Corei5;;;8;DDR4;;1024;HybridDrive;;WavesMaxxAudioPro;NVIDIAMX230;NVIDIA;2;Wi-Fi;;1;2;1;1;1;;BatteryPowered;;1920;1080;25,8;38;2,3
91;ASUSVivoBook15X509FA-EJ371T;3,5;3;42,99;33,799;ASUS;VivoBook15;TransparentSilver;15,6;1,9;Lithiumionbatteries;X509FA-EJ371T;Intel;Corei3;;1;4;DDR4;;512;FlashMemorySolidState;SolidState;StereoSpeakerswithMicrophone;IntelIntegratedUHD620;Intel;;Wi-Fi,Bluetooth;802,11ac;2;2;1;1;;;;Windows;1920;1080;23,5;36;2,3
65;LenovoIdeapadS145;4;1;50,29;35,99;Lenovo;IdeapadS145;GREY;15,6;1,85;LithiumPolymerbatteries;81UT00J7IN;AMD;RSeries;;;4;DDR4;;1024;MechanicalHardDrive;;DualSpeakerswithDolbyAudio;IntegratedGraphics;;;;;1;2;1;1;;;;;1920;1080;36,2;25,2;2
92;DELLInspiron5584;4,1;18;76,414;65,99;Dell;;;15,6;2,3;LithiumPolymerbatteries;5584;Intel;Corei5;;;8;;;1024;HybridDrive;;;Nvidia;;2;;802,11ac;;;;;;;BatteryPowered;;;;24,9;36,5;2,3
93;HPPavilionGaming;3,7;10;57,297;49,99;HP;15;ShadowBlack;15,6;1,98;Lithiumionbatteries;ec0098AX;AMD;RSeries;;4;8;DDR4;;1024;MechanicalHardDrive;;BangOlufsenspeakers;NVIDIAGeForceGTX1050;NVIDIA;3;Wi-Fi,Bluetooth;;1;2;1;1;1;;BatteryPowered;;1920;1080;25,7;36;2,4
82;HPPavilionx360;4,2;28;64,803;59,888;HP;Pavilionx360;NaturalSilver;14;1,59;LithiumMetalbatteries;14-dh1008TU;Intel;Corei3;;2;4;DDR4;;1024;HybridDrive;;BangOlufsenspeakers;IntelUHD;;;Wi-Fi,Bluetooth;;;3;1;1;;;BatteryPowered;;1920;1080;22,3;32,4;2,1
94;LenovoT49020RYS01J002019;;;1,33,500;1,20,841;Lenovo;T490;Black;14;1,55;Lithiumionbatteries;20RYS01J00;Intel;Corei5;1,6;;16;DDR4;;512;FlashMemorySolidState;;DolbyAudioPremium;IntelUHDGraphics;Intel;;Wi-Fi,Bluetooth;;;2;1;1;1;;;;1920;1080;32,9;22,7;1,8
95;ASUSTUFGamingA15;3,2;8;90,99;75,99;ASUS;TUFGamingA15;BonfireBlack;15,6;2,3;LithiumPolymerbatteries;FA506II-HN152T;AMD;RSeries;;;8;DDR43200MHz;;512;FlashMemorySolidState;;inarraymicrophone;NVIDIAÂ GeForceÂ GTXÂ 1650Â Ti;NVIDIA;4;Wi-Fi,Bluetooth;;1;3;1;1;1;;;Windows;1920;1080;25,6;35,9;2,5
96;ASUSVivoBook15X512FA;4,2;133;44,99;36,474;ASUS;VivoBook15;TransparentSilver;15,6;1,7;LithiumPolymerbatteries;X512FA-EJ549T;Intel;Corei3;2,1;2;4;DDR4;;256;FlashMemorySolidState;;ASUSSonicMasterTechnology;IntelUHDGraphics620;;;Wi-Fi,Bluetooth;;2;1;1;1;;;BatteryPowered;;1920;1080;23;35,7;1,9
97;GP65Leopard10SFK-037IN;;;;1,73,990;MSI;Gaming;Black;15,6;2,33;LithiumPolymerbatteries;GP65Leopard10SFK-037IN;Intel;Corei7;;;32;DDR4;;1000;MechanicalHardDrive;;StereoSpeakerswithMicrophone;GeForceÂ®RTX2070;NVIDIA;8;;;;4;1;1;1;;BatteryPowered;;1920;1080;35,8;24,8;2,8
98;LenovoV14;;;64,875;51,39;Lenovo;V14;Gray;14;1,6;Lithiumionbatteries;82C40106IH;Intel;Corei5;;;;DDR4;;;FlashMemorySolidState;;Dolbystereospeakers;IntelUHD620;;;Wi-Fi,Bluetooth;;1;2;1;1;;;;;1366;768;32,7;24,1;2
99;AcerAspire5Slim;5;2;44,999;37,99;Acer;Aspire5Slim;PureSilver;15,6;1,8;Lithiumionbatteries;A515-54;Intel;Corei3;;;4;DDR4;;1024;MechanicalHardDrive;;inspeakers;IntelUHDGraphics620;Intel;;Wi-Fi,Bluetooth;802,11a/b/g/n/ac;1;1;1;1;1;220;BatteryPowered;;1920;1080;25,1;36,3;1,8
100;HP245G6;5;1;;;HP;;Grey;14,1;2;Lithiumionbatteries;9WC72PA;AMD;Corei3-2120;;1;4;;;1024;MechanicalHardDrive;SerialATA;;AMD;;;;;;;;;;;;;1366;768;34;24;2,4
101;ASUSTUFGamingFX505D;4;55;1,04,990;79,99;ASUS;;;15,6;2,2;Lithiumionbatteries;FX505DV-AL026T;AMD;RSeries;2,3;;16;;;512;FlashMemorySolidState;;;NVIDIAGeForceRTX2060;;6;;;;;;;;;BatteryPowered;;;;26,2;36;2,6
102;HP15db1059au;3,3;5;34,589;31,99;HP;15;NaturalSilver;15,6;1,8;LithiumPolymerbatteries;db1059auÂ ;AMD;RSeries;2,6;;4;DDR4;;1024;MechanicalHardDrive;;Dualspeakers;AMDRadeonVega3;AMD;;Wi-Fi,Bluetooth;;1;2;1;1;1;;;;1920;1080;24,6;37,6;2,3
89;LenovoV130;3,8;57;36,694;29;Lenovo;V130-15IKB;IRONgray;15,6;1,8;LithiumPolymerbatteries;81HN00FQIH;Intel;Corei3;2,3;1;4;DDR4;DDR4SDRAM;1024;MechanicalHardDrive;eSATA;DualspeakersDolbyAdvancedAudio;IntelHDGraphics620;;;Wi-Fi,Bluetooth;;1;1;1;1;1;;;;1366;768;37,5;25,3;2,2
32;DellInspiron3583;3,4;89;59,99;46,99;Dell;Inspiron;Silver;15,6;2;Lithiumionbatteries;3583;Intel;Corei5;;;8;DDR4;;1024;MechanicalHardDrive;;WavesMaxxAudio;2AMDRadeon520;;2;Wi-Fi;;1;1;1;1;1;;BatteryPowered;;1920;1080;25,8;38;2
103;ASUSVivoBook14X409FA-EK555T;3,9;66;52,99;48,99;ASUS;ASUS;TRANSPARENTSILVER;14;1,6;LithiumPolymerbatteries;X409FA-EK555T;Intel;Corei5;;4;8;DDR4;DDR4SDRAM;512;FlashMemorySolidState;;AudiobyICEpower;IntelUHDGraphics620;;;Wi-Fi,Bluetooth;;2;2;1;1;;;BatteryPowered;;1920;1080;21,6;32,5;2,3
104;DellInspiron5390;;;77,64;72,499;Dell;;PlatinumSilver;13,3;1,2;;3090;Intel;Corei5-2400;;4;8;DDR4;;512;SSD;SolidState;;IntelÂ®UHDGraphics620;;;;;;;;;;;BatteryPowered;;1920;1080;49;33;8
105;HP15Ryzen5;3,5;11;39,853;38,683;HP;15;NaturalSilver;15,6;1,8;LithiumPolymerbatteries;db1061au;AMD;RSeries;2,1;4;4;DDR4;DDR4SDRAM;1024;MechanicalHardDrive;eSATA;Dualspeakers;RadeonVega8Graphics;;;Wi-Fi,Bluetooth;;1;2;1;1;1;;BatteryPowered;Windows;1920;1080;24,6;37,6;2,3
106;LenovoLegionY540;4,2;7;1,24,890;83,99;Lenovo;LegionY540;Black;15,6;2,3;LithiumPolymerbatteries;81SY00CBIN;Intel;Corei7;2,6;6;8;DDR4;;1024;FlashMemorySolidState;;HarmanSpeakerswithDolbyAudio;NVIDIAGEFORCEGTX1650GDDR5;;4;;;;3;1;1;1;;BatteryPowered;;1920;1080;36,5;26;2,6
107;MSIGamingGE63RaiderR9SF-800IN2019;;;1,94,990;1,61,492;MSI;Gaming;Black;16;2,62;;GE63RaiderR9SF-800IN-cr;Intel;Corei7;2,6;;16;DDR4;;1024;MechanicalHardDrive;;;RTX2070;;8;;;;;1;;;;;;1920;1080;38,3;26;3
108;ASUSTUFGamingA15;1;3;84,99;70,99;ASUS;TUFGamingA15;BonfireBlack;15,6;2,3;LithiumPolymerbatteries;FA506II-AL117T;AMD;RSeries;;;8;DDR43200MHz;;1024;HybridDrive;;inarraymicrophone;NVIDIAÂ GeForceÂ GTXÂ 1650Â Ti;NVIDIA;4;Wi-Fi,Bluetooth;;1;3;1;1;1;;;Windows;1920;1080;25,6;35,9;2,5
109;HP15seq0007au;4,1;54;;;HP;15s;NaturalSilver;15,6;1,77;Lithiumionbatteries;eq0007au;AMD;RSeries;2,6;2;4;DDR4;;256;FlashMemorySolidState;;Dualspeakers;RadeonVega3;AMD;;Wi-Fi,Bluetooth;802,11b/g/n;;3;1;1;1;;BatteryPowered;;1920;1080;24,2;35,8;1,8
110;ASUSTUFGamingFX705DT-AU016T;3,9;27;94,99;62,99;ASUS;TUFGaming;GoldSteel;17,3;2,7;Lithiumionbatteries;FX705DT-AU016T;AMD;RSeries;2,3;4;8;2400MHzDDR4;DDR4SDRAM;512;FlashMemorySolidState;SolidState;StereoSpeakerswithMicrophone;NVIDIAGeForceGTX1650;NVIDIA;4;Wi-Fi,Bluetooth;802,11ac;1;2;1;1;1;;;;1920;1080;27,9;39,9;2,7
79;AcerPredatorTriton300PT315-512019;1;2;1,24,400;99,99;Acer;PredatorTriton300;AbyssalBlack;15,6;2,3;Lithiumionbatteries;PT315-51;Intel;Corei7;;;16;DDR4;;1024;HybridDrive;;WavesMaxxAudio;NVIDIAGeForceGTX1650;NVIDIA;4;;802,11a/b/g/n/ac;;3;1;1;1;220;BatteryPowered;;1920;1080;25,9;36,3;2,3
111;ASUSROGStrixGG531GD-BQ026T;3,9;20;84,99;62,99;ASUS;ROGStrixG;Black;15,6;2,4;LithiumPolymerbatteries;G531GD-BQ026T;Intel;Corei5;2,4;4;8;2666MHzDDR4;;512;FlashMemorySolidState;;speakers;NVIDIAGeForceGTX1050;NVIDIA;4;Wi-Fi,Bluetooth;802,11ac;;3;1;1;1;;;;1920;1080;27,5;36;2,6
112;HP15di0001TU;4;15;26,645;26,625;HP;15;Jetblack;15,6;2,18;Lithiumionbatteries;di0001TU;Intel;Pentium;;;4;DDR4;;1024;MechanicalHardDrive;;Dualspeakers;IntelUHD610;Intel;;Wi-Fi,Bluetooth;;1;2;1;1;1;;;;1366;768;24,6;37,6;2,3
37;HPPavilionx360;4;53;80,007;70,834;HP;;;14;1,59;Lithiumionbatteries;14-dh1010TU;Intel;Corei5;1,6;4;8;;;256;FlashMemorySolidState;;;IntelUHD;;;;;;;;;;;BatteryPowered;;;;22,3;32,4;2,1
113;CoconicsEnablerC1314;5;4;40;29,25;Coconics;CNBIC-AA01;Black;14;1,7;Lithiumionbatteries;CNBIC-AA01;Intel;Corei37100U;2,4;1;8;DDR3L-1600SDRAM;DDR3L-1600SDRAM;1024;MechanicalHardDrive;SerialATA-600;Speaker;IntelUHDGraphics;Intel;;Bluetooth;;1;3;1;1;1;;;;1366;768;34,7;23,7;2,4
33;DELLVostro3490;3,2;37;34,834;31,99;Dell;;;14;1,68;Lithiumionbatteries;3490;Intel;Corei3;;;4;;;1024;MechanicalHardDrive;;;IntelHDGraphics;;;;;;;;;;;BatteryPowered;;;;24,2;33,9;2,1
114;AcerNitro5AN515-54;3,5;3;89,999;59,99;Acer;Nitro5;Black;15,6;2,3;Lithiumionbatteries;AN515-54;Intel;Corei5;;;8;DDR4;;1024;MechanicalHardDrive;;WavesMaxxAudiosoundtechnology;NVIDIAGeForceGTX1650with4ofdedicatedGDDR5VRAM;NVIDIA;4;Wi-Fi,Bluetooth;802,11a/b/g/n/ac;1;3;1;1;1;;BatteryPowered;;1920;1080;25,5;36,3;2,6
115;DellVostro3480;3,4;1420;;;Dell;;;14;1,7;Lithiumionbatteries;Vostro3480;Intel;Corei3;3,9;;4;;;1024;MechanicalHardDrive;;;IntelHDGraphics;;;;802,11ac;;;;;;;BatteryPowered;;;;24,2;33,9;2
116;DellInspiron3584;;;41,69;38,999;Dell;;Silver;15,6;2;;3584;Intel;Corei3-2120;2,3;4;4;DDR4;;1024;MechanicalHardDrive;SerialATA;;Radeon;AMD;2;;;;;;;;;BatteryPowered;;1920;1080;49;37;7
34;AcerAspire3A315-22;3,3;14;34,999;24,98;Acer;Aspire3;Black;15,6;1,9;Lithiumionbatteries;A315-22;AMD;ASeries;2,6;2;4;DDR4;;256;FlashMemorySolidState;;instereospeaker;AMDRadeonR5;AMD;8;Wi-Fi,Bluetooth;802,11a/b/g/n/ac;2;1;1;1;1;220;BatteryPowered;;1366;768;25;36,3;2
117;HP250G7;3,8;68;;;HP;;Black;15,6;1,8;Abatteries;7HC78PA;Intel;Corei3;2,3;2;4;;DDR4SDRAM;1024;HDD5400rpm;eSATA;;IntelÂ®HDGraphics;;;Wi-Fi,Bluetooth;802,11a/b/g/n/ac;;;1;;;;BatteryPowered;PC;;;;;
118;AppleMacBookPro;4,2;35;;1,79,900;Apple;MacBookPro;Silver;13;2,3;Lithiumionbatteries;MacBookPro;Intel;Corei5;2,4;4;8;DDR3;;512;FlashMemorySolidState;;StereoSpeakers;integrated;;4;Wi-Fi;;;4;;1;;;BatteryPowered;;2560;1600;32,9;6,9;23,8
119;HP15da0411tu;3,9;9;34,428,50;33,99;HP;15;JetBlack;15,6;1,77;Lithiumionbatteries;da0411tu;Intel;Corei38130U;2,2;4;4;DDR4;DDR4SDRAM;1024;MechanicalHardDrive;eSATA;DualSpeaker;IntelUHD620;IntelUHDGraphics620;;Wi-Fi,Bluetooth;;1;2;1;1;1;;;Windows;1920;1080;24,6;37,6;2,3
115;DellVostro3480;3,4;1420;;;Dell;;;14;1,7;Lithiumionbatteries;Vostro3480;Intel;Corei3;3,9;;4;;;1024;MechanicalHardDrive;;;IntelHDGraphics;;;;802,11ac;;;;;;;BatteryPowered;;;;24,2;33,9;2
120;AcerSwift5;5;5;1,09,999;96,149;Acer;Swift5;CharcoalBlue;14;9,89;Lithiumionbatteries;SF514-54T;Intel;Corei7;3,9;;16;DDR4X;;512;FlashMemorySolidState;;Builtinspeakers;IntelIrisPlusGraphics;;;Wi-Fi,Bluetooth;802,11a/b/g/n/ac;1;2;1;1;;220;BatteryPowered;;1920;1080;21,1;31,8;1,5
121;DELLInspiron5593;3,6;10;95,695;94,1;Dell;Inspiron;PlatinumSilver;15,6;1,93;Lithiumionbatteries;5593;Intel;Corei7;;;8;DDR4;;1024;HybridDrive;;WavesMaxxAudioPro;NVIDIAMX230GDDR5;NVIDIA;4;Wi-Fi,Bluetooth;;1;2;1;1;1;;BatteryPowered;;1920;1080;19,9;36,4;2,5
122;LenovoIdeapadS145;;;43,29;34,49;Lenovo;IdeapadS145;Grey;15,6;1,85;LithiumPolymerbatteries;81VD008SIN;Intel;Corei3;2,3;;4;DDR4;;1024;HybridDrive;;SpeakersDolbyAudio;IntegratedGraphics;;;;;1;2;;1;;;;;1920;1080;36,2;25,1;2
123;HP15RyzenR3;3,3;1195;46;37,89;HP;;;15,6;2,04;LithiumPolymerbatteries;15-db0186AU;AMD;Ryzen32200U;3,4;2;4;;;1024;MechanicalHardDrive;;;Vega3Graphics;;;;;;;;;;;BatteryPowered;;;;37,6;24,6;2,3
124;LenovoLegionY540;5;1;1,62,290;1,09,990;Lenovo;LegionY540;Black;15,6;2,3;LithiumPolymerbatteries;81SX00G7IN;Intel;Corei7;2,6;6;16;DDR4;;1024;FlashMemorySolidState;;DualHarmanSpeakerswithDolbyAtmos;NVIDIAGTX1660Ti;;6;;;;3;1;1;1;;BatteryPowered;;1920;1080;36,5;26;2,4
125;LenovoIdeapadC34081TK00GNIN;4,4;3;;;Lenovo;;;14;1,65;LithiumPolymerbatteries;81TK00GNIN;Intel;Corei3;;;4;;;256;FlashMemorySolidState;;;INTEGRATEDGFX;;;;;;;;;;;;;;;32,8;22,9;1,8
126;LenovoIdeapadS145;3;7;;;Lenovo;IdeapadS145;Black;15,6;1,85;LithiumPolymerbatteries;81MV00NBIN;Intel;Pentium;2,3;2;4;DDR4;;1024;MechanicalHardDrive;;SpeakerswithDolbyAudio;IntegratedGraphics;;;;;1;2;1;1;;;BatteryPowered;;1366;768;36,2;25,1;2
127;LenovoV15;;;29,99;25,99;Lenovo;;IRONGRAY;15,6;1,85;;LenovoV15ADA82C7001WIH;AMD;AtomZ8700;1,6;2;4;;;1024;MechanicalHardDrive;eSATA;;IntegratedAMDRadeonGraphics;;4;;;;;1;;;;BatteryPowered;;1366;768;25,1;36,2;2
116;DellInspiron3584;;;41,69;38,999;Dell;;Silver;15,6;2;;3584;Intel;Corei3-2120;2,3;4;4;DDR4;;1024;MechanicalHardDrive;SerialATA;;Radeon;AMD;2;;;;;;;;;BatteryPowered;;1920;1080;49;37;7
128;LifeDigitalZEDZedAirHGold;5;2;21,499;18,113;LifeDigital;ZED;Gold;14,1;1,32;Lithiumionbatteries;ZedAirHGold;Intel;Atom230;1,8;4;2;DDR3;DDR3SDRAM;500;HybridDrive;;;IntelÂ®HDGraphics500;Intel;32;Wi-Fi,Bluetooth;802,11b;3;;1;1;;;;;1366;768;33,3;22;1
129;HP240G7NotebookPC;;;34,999;31,6;HP;;BLACK;14;2;;HP240G7;Intel;Corei3-6320;;4;4;DDR4;;1024;MechanicalHardDrive;eSATA;;IntelHDgraphics;;;;;;;;;;;;;1366;768;45;30;8
130;AcerAspire3A315-42;5;1;29,999;25,65;Acer;Aspire3;Blue;15,6;1,9;Lithiumionbatteries;A315-42;AMD;ASeries;1,9;1;4;DDR4;DDR3SDRAM;1024;MechanicalHardDrive;eSATA;instereospeaker;AMDRadeonVega3Mobile;AMD;;Wi-Fi,Bluetooth;802,11a/b/g/n/ac;2;1;1;1;1;;BatteryPowered;Windows;1366;768;24,7;36,3;2
131;DellInspiron5370;3,4;9;82,445;75,998;Dell;;Silver;13,3;1,4;Lithiumionbatteries;Inspiron5370;Intel;Corei7;;;8;DDR4;;256;mechanicalharddrive;;;AMDRadeonGraphics530;AMD;2;;;;2;;;;;;;;;21,9;32,3;1,5
132;ASUSVivoBook15X512FA;4,2;136;44,99;37,99;ASUS;VivoBook15;PeacockBlue;15,6;1,7;LithiumPolymerbatteries;X512FA-EJ548T;Intel;Corei3;3,9;2;4;DDR4;;256;FlashMemorySolidState;;ASUSSonicMasterTechnology;IntelUHDGraphics620;;;Wi-Fi,Bluetooth;;2;1;1;1;;;BatteryPowered;;1920;1080;23;35,7;1,9
133;DELLLatitudeE5440;;;1,09,000;29,99;Dell;Latitude;Gray;14;2;;E5440-i5-4-240;Intel;Corei5;1,9;;4;DDR3;;240;FlashMemorySolidState;;;IntegratedGraphics;;;;;1;2;;1;1;;;;1366;768;20;20;8
134;HPPavilionGaming;4,3;103;81,857,50;69,989;HP;;;15,6;2,25;LithiumPolymerbatteries;15-dk0045TX;Intel;Corei5;2,4;;8;;;1024;HybridDrive;;;NVIDIAGeForceGTX1050;;4;;;;;;;;;;;;;36;25,6;2,3
135;MicrosoftSurfaceProX1876;2,5;3;98,999;98,99;Microsoft;SurfaceProX;MatteBlack;13;7,76;;1876;Â Microsoft;ARM610;;;8;LPDDR4X;;128;FlashMemorySolidState;;DualfarfieldstudioMics;MicrosoftSQ1Adreno685GPU;;;Wi-Fi;;;2;;;;;BatteryPowered;;2880;1800;28,7;20,8;0,7
136;AcerNitro7;4,1;8;1,29,999;77,99;Acer;;;15,6;2,5;Lithiumionbatteries;AN715-51;Intel;Corei5;;;8;;;32;FlashMemorySolidState;;;NVIDIAGeForceGTX1660Tiwith6ofdedicatedGDDR6VRAM;;6;;;;;;;;220;BatteryPowered;;;;25,9;36,3;19,9
137;HP15da0414tu;3,8;141;36,488;34,99;HP;;;15,6;1,77;Lithiumionbatteries;da0414tu;Intel;Corei38130U;2,2;;8;;;1024;MechanicalHardDrive;;;IntelUHD620;;;;;;;;;;;;;;;24,6;37,6;2,3
138;AcerA515-51G;5;4;;;Acer;;;15,6;3,33;AAAbatteries,;;Intel;Corei5;3,2;1;8;;DDR3SDRAM;1024;Mechanicalharddrive;eSATA;;NVIDIAGeForceMX130;NVIDIA;2;;;;;1;;;;;Windows;;;;;
139;Simmtronics;4,5;38;1,25;764;Simmtronics;;;;2,2;;;;;;;2;;DDR3SDRAM;;;;;;;2;;;;;;;;;;;;;;;
140;ASUSVivoBook15M509DA-EJ582T;3,7;19;44,99;39,99;ASUS;ASUS;SlateGray;15,6;1,9;LithiumPolymerbatteries;M509DA-EJ582T;AMD;RSeries;;4;8;DDR4;DDR4SDRAM;1024;MechanicalHardDrive;;DobyICEpower;AMDRadeonVega8Graphics;;;Wi-Fi,Bluetooth;;2;2;1;1;1;;BatteryPowered;;1920;1080;23,5;36;2,3
141;MSICreator15MA9SE-064IN;;;;1,59,990;MSI;Prestige;gray;15;1,86;LithiumPolymerbatteries;Creator15MA9SE-064IN;Intel;Corei7;;;;DDR4;;;FlashMemorySolidState;;;RTX2060;;6;;;;4;1;1;1;;;;1920;1080;35,9;25,4;2,1
142;DellInspiron5570;4,1;51;;;Dell;Inspiron;Silver;15,6;2,5;Abatteries;Inspiron5570;Intel;Corei78550U;;;8;DDR4;;128;Solid_state_drive;;;AMDRadeonGraphics530;AMD;4;Wi-Fi;;1;2;;;;;;;1920;1080;25,8;38;2,3
143;HP15seq0132AU;;;65,594;59,99;HP;15s;NaturalSilver;15,6;1,74;Lithiumionbatteries;eq0132AU;AMD;RSeries;2,3;2;8;DDR4;;512;FlashMemorySolidState;SolidState;Dualspeakers;RadeonRXVega10;AMD;;Wi-Fi,Bluetooth;;;3;1;1;;;;;1920;1080;24,2;35,9;1,8
68;HP15sfr1004TU;3,8;352;45,711;39,99;HP;15s;NaturalSilver;15,6;1,69;Lithiumionbatteries;fr1004TU;Intel;Corei3;;2;4;DDR4;;512;FlashMemorySolidState;SolidState;Dualspeakers;IntelUHD;Intel;;Wi-Fi,Bluetooth;;;3;1;1;;;;;1920;1080;24,2;35,9;1,8
144;HPPavilionGaming15-ec0026AX;3,7;9;65,484;59,99;HP;PavilionGaming;ShadowBlack;15,6;1,98;Lithiumionbatteries;15-ec0026AX;AMD;RSeries;;4;8;DDR4;;1024;HybridDrive;;BangOlufsenspeakers;NVIDIAGeForceGTX1050;;3;Wi-Fi,Bluetooth;;1;2;1;1;1;;BatteryPowered;;1920;1080;25,7;36;2,4
145;AvitaMagusNS12T5IN002P;2,8;8;;;AVITA;MAGUS;CharcoalGrey;12,2;1,41;Lithiumionbatteries;NS12T5IN002P;Intel;CeleronN3350;;;4;DDR3;;64;MechanicalHardDrive;;;IntelHDGraphics500;Intel;;;802,11ac;;1;1;1;;;BatteryPowered;;1920;1200;29,9;29,9;22,2
146;LenovoLegionY70009thgen;4,1;111;92,99;74,999;Lenovo;;;15,6;2,3;LithiumPolymerbatteries;81V4000LIN;Intel;Corei5;2,4;4;8;;;1024;HybridDrive;;;NVIDIAGEFORCEGTX1050(3GDDR5);;3;;;;;;;;;BatteryPowered;;;;36;26,7;2,6
147;DellInspiron5570;3,8;10;74,993;59,99;Dell;;Silver;15,6;2,5;Abatteries;Inspiron5570;Intel;Corei58250U;;;8;DDR4;;2048;Mechanical_hard_drive;;;AMDRadeonGraphics530;;2;;;1;2;;;;;BatteryPowered;;1920;1080;25,8;38;2,3
148;AcerSwift5;;;89,999;59,492;Acer;Swift5;CharcoalBlue;14;9,89;;SF514-54T-cr;Intel;Corei5;;;8;DDR4X;;512;FlashMemorySolidState;;;IntelUHDGraphics;;;Wi-Fi,Bluetooth;802,11a/b/g/n/ac;1;;1;;;220;BatteryPowered;;1920;1080;21,1;31,8;1,5
149;ASUSVivoBook14X409FJ-EK501T;4,5;7;60,99;50,99;ASUS;VivoBook;TRANSPARENTSILVER;14;1,6;LithiumPolymerbatteries;X409FJ-EK501T;Intel;Corei5;;4;8;DDR4;DDR4SDRAM;512;FlashMemorySolidState;;BuiltinspeakerSonicMaster;NVIDIAGeForceMX230;;2;Wi-Fi,Bluetooth;;2;2;1;1;;;BatteryPowered;;1920;1080;21,6;32,5;2,3
150;LenovoIdeapadC340;4,2;10;;;Lenovo;IdeapadC340;PlatinumGrey;14;1,65;LithiumPolymerbatteries;81N6006PIN;AMD;RSeries;2,6;2;8;DDR4;;1024;FlashMemorySolidState;;DualSpeakerswithDolbyAudio;INTEGRATEDGFX;;;;;;3;1;1;;;BatteryPowered;;1920;1080;32,8;22,9;1,8
151;HP14s14s;3,6;12;;45,7;HP;14s;NaturalSilver;14;1,43;Lithiumionbatteries;14s-CF0115TU;Intel;Corei3;;;8;DDR4;;1024;MechanicalHardDrive;;DualSpeakers;IntelUHDGraphics620;Intel;;Wi-Fi,Bluetooth;;;3;1;1;1;;;;1920;1080;22,6;32,4;2
152;ASUSVivoBook15X512FA-EJ372T;5;1;48,99;39,449;ASUS;VivoBook15;SlateGrey;15,6;1,7;Lithiumionbatteries;X512FA-EJ372T;Intel;Corei3;;1;4;2400MHzDDR4;;512;FlashMemorySolidState;SolidState;Built-inspeaker;IntelIntegratedUHD620;Intel;;Wi-Fi,Bluetooth;802,11ac;2;2;1;1;;;BatteryPowered;Windows;1920;1080;23;35,7;2
153;DellVostro3580;;;49,5;44,4;Dell;;Black;15,6;2;;3580;Intel;Corei5-2400;;4;4;DDR4;;1024;MechanicalHardDrive;SerialATA;;Intel;;;;;;;;;;;BatteryPowered;;1920;1080;49,7;33,7;8,3
154;LenovoV130;3,7;89;36,594;29,99;Lenovo;V130;Black;15,6;1,8;Abatteries;81HNA01KIH;Intel;Corei3;2,3;2;4;DDR4;DDR4SDRAM;1024;MechanicalHardDrive;eSATA;DualspeakersDolbyAdvancedAudio;IntelHDGraphics620;;;Wi-Fi,Bluetooth;;1;1;1;1;1;;;;1366;768;37,5;25,3;2,2
155;AcerNitro7;3,9;12;1,54,999;89,99;Acer;;;15,6;2,5;Lithiumionbatteries;AN715-51;Intel;Corei7;2,6;;8;;;1024;FlashMemorySolidState;;;NvidiaGeForceGTX1660Ti6;;6;;802,11a/b/g/n/ac;;;;;;220;BatteryPowered;;;;26;36,3;2
12;LenovoYogaC64081UE0034IN;3,6;14;1,06,290;80,051;Lenovo;YogaC640;IronGrey;13,3;1,35;LithiumPolymerbatteries;81UE0034IN;Intel;Corei5;1,6;;8;DDR4;;512;FlashMemorySolidState;;FrontFacingDolbyAtmosSpeakers;INTEGRATEDGRAPHICS;;;;;;2;;1;;;;;1920;1080;30,6;20,4;1,7
131;DellInspiron5370;3,4;9;82,445;75,998;Dell;;Silver;13,3;1,4;Lithiumionbatteries;Inspiron5370;Intel;Corei7;;;8;DDR4;;256;mechanicalharddrive;;;AMDRadeonGraphics530;AMD;2;;;;2;;;;;;;;;21,9;32,3;1,5
156;LenovoV130;;;59,2;32,99;Lenovo;V130-15IKB;gray;15,6;1,8;Lithiumionbatteries;81HNA00TIH;Intel;Corei3;;;4;DDR4;;1024;MechanicalHardDrive;;DualspeakersDolbyAdvancedAudio;AMDRADEON;;2;Wi-Fi,Bluetooth;;1;1;1;1;1;;BatteryPowered;;1366;768;37,5;25,3;2,2
157;ASUSProArtStudioBookPro15MobileWorkstationLaptop;3,5;6;6,82,508;4,81,487;ASUS;ProArtStudioBookPro15W500G5T;;15,6;2;Lithiumionbatteries;W500G5T-XS77;Intel;IntelCorei7;4,5;6;48;DDR4;DDR4SDRAM;2048;FlashMemorySolidState;SolidState;;NVIDIAQuadroRTX5000;NVIDIA;16;Bluetooth;802,11ax;;;1;;;;;PC;3840;2160;36;25,2;2,1
158;ASUSTUFGaming;4,2;68;77,99;55,99;ASUS;TUFGaming;StealthBlack;17,3;2,7;Lithiumionbatteries;FX705DT-AU092T;AMD;RSeries;2,1;4;8;DDR4;DDR4SDRAM;512;FlashMemorySolidState;PCIEx16;Speaker;NVIDIAGeForceGTX1650;NVIDIA;4;Wi-Fi,Bluetooth;802,11ac;1;2;1;1;;;;;1920;1080;27,9;39,9;2,7
159;LenovoV14;;;;;Lenovo;V14;Gray;14;1,6;Lithiumionbatteries;81YA002JIH;Intel;Corei38130U;;;;DDR4;;1024;MechanicalHardDrive;;Dolbystereospeakers;IntelUHD620;;;Wi-Fi,Bluetooth;;1;2;1;1;;;;;1366;768;32,7;24,1;2
160;AmazonBasics;4,5;40578;1,095;779;AmazonBasics;;Grey;15,6;2,54;;NC1303154H;;;;;;;;;;;;;;;;;;;;;;;;;;;41,1;30;2
161;HPPavilion1414-ce3024TX2019;5;2;91,703;84,99;HP;Pavilion14;Mineralsilver;14;1,6;Lithiumionbatteries;14-ce3024TX;Intel;Corei7;;;8;DDR4;;512;FlashMemorySolidState;;BangOlufsenspeakers;NVIDIAMX250;NVIDIA;2;Wi-Fi,Bluetooth;;;3;1;1;1;;;;1920;1080;22,6;32,7;1,8
162;HPOmen;4,1;122;93,553,50;71,99;HP;;;15,6;2,9;Abatteries;15-dc1092TX;Intel;Corei5;2,4;;8;;;1024;HybridDrive;;;NVIDIAGTX1650;;4;;2,4RadioFrequency;;;;;;;;;;;36;26,3;2,6
163;ASUSVivoBookX411QA-EK002T;2;1;34,99;24,96;ASUS;VivoBook14;Gold;14;1,43;Lithiumionbatteries;X411QA-EK002T;AMD;ASeries;2,7;4;4;DDR4;DDR4SDRAM;1024;MechanicalHardDrive;;Built-inspeaker;AMDintegratedRadeonR7graphics;;;Wi-Fi,Bluetooth;;2;1;1;1;;;BatteryPowered;;1920;1080;22,6;32,6;2
164;LenovoIdeapad130;;;37,69;30,2;Lenovo;Ideapad130;BLACK;15,6;2,3;LithiumPolymerbatteries;81H700CEIN;Intel;Corei3;2,3;;4;DDR4;;1024;MechanicalHardDrive;;DualSpeakerswithDolbyAudio;IntegratedGraphics;;;;;;2;1;1;1;;;;1920;1080;37,8;26;2,3
165;CanonimageFORMULAP-208IIScan-tiniPersonalDocumentScanner;3,5;35;11,995;9,649;Canon;;Others;0,01;5,9;;P-208II;;;;;;;;;;;;;;;;802,11b/g/n;;;;;;;;;;;38,7;14,6;12,1
166;DellVostro3580;;;62,536;56,884;Dell;;Black;15,6;2;;3580;Intel;Corei52450M;;4;8;DDR4;;1024;MechanicalHardDrive;SerialATA;;radeon;AMD;2;;;;;;;;;BatteryPowered;;1920;1080;49,7;33,4;8,3
167;ASUSZenBook13UX334FL-A5822TS;;;1,05,990;89,99;ASUS;ZenbookClassic;IcicleSilver;13,3;1,27;LithiumPolymerbatteries;UX334FL-A5822TS;Intel;Corei5;1,6;4;8;2133MHzLPDDR3;;512;FlashMemorySolidState;;Built-inspeaker;NVIDIAGeForceMX250;;2;Wi-Fi,Bluetooth;;1;2;1;1;;;BatteryPowered;;1920;1080;18,9;30,2;1,8
168;HP15seq0024au;3,8;7;45,7;41,99;HP;15s;NaturalSilver;15,6;1,7;Lithiumionbatteries;eq0024au;AMD;RSeries;;1;8;DDR4;;512;FlashMemorySolidState;SolidState;Dualspeakers;AMDRadeonVega8;;;Wi-Fi,Bluetooth;802,11b/g/n;;3;1;1;1;;BatteryPowered;;1920;1080;24,2;35,8;1,8
169;ASUSVivoBook15X512FA;4,3;32;42,99;36,99;ASUS;VivoBook15;CoralCrush;15,6;1,7;LithiumPolymerbatteries;X512FA-EJ547T;Intel;Corei3;3,9;4;4;DDR4;;256;FlashMemorySolidState;;ASUSSonicMasterTechnology;IntelUHDGraphics620;;;Wi-Fi,Bluetooth;;2;1;1;1;;;BatteryPowered;;1920;1080;23;35,7;1,9
170;SellZone;;;;;SellZone;;;;;;ToshibaSatelliteC600C640LaptopLCDS;;;;;;;;;;;;;;;;;;;;;;;;;;;;;
171;SellZone;;;;;SellZone;;;;;;Asus1005SeriesLaptopScreenHinge(L;;;;;;;;;;;;;;;;;;;;;;;;;;;;;
172;SellZone;;;;;SellZone;;;;;;ToshibaSatelliteC600SeriesLaptopScr;;;;;;;;;;;;;;;;;;;;;;;;;;;;;
173;SellZone;;;;;SellZone;;;;;;IBMLenovoG560G565SeriesLaptopScree;;;;;;;;;;;;;;;;;;;;;;;;;;;;;
174;Belkin;4,3;307;9,999;7,962;Belkin;USB-CMultimediaHub;Gray;;1,09;;F4U092btSGY;;;;;;;;;;;;;;;;;1;;;;;;;;;;27,7;5;1,5
175;SellZone;;;;;SellZone;;;;;;LenovoC460SeriesLaptopScreenHinge(;;;;;;;;;;;;;;;;;;;;;;;;;;;;;
176;SellZone;;;;;SellZone;;;;;;LenovoL412SeriesLaptopScreenHinge(;;;;;;;;;;;;;;;;;;;;;;;;;;;;;
177;HP15;2,5;7;30,399;23,999;HP;;Silver;15,6;2,04;Lithiumionbatteries;15-da0326tu-cr;Intel;Corei3;2,4;1;4;DDR4;GDDR4;1024;MechanicalHardDrive;SerialATA;;IntelHDGraphics620;;;Wi-Fi,Bluetooth;802,11b/g/n;1;;1;;;;BatteryPowered;PC;1920;1080;37,6;24,6;2,3
178;LenovoT430s;;;59,99;28,99;Lenovo;;Black;14;1,89;;T430s;Intel;Corei53320M;2,6;1;8;;DDR3SDRAM;240;Solid_state_drive;eSATA;;Intelgraphics;;;;;;;;;;;BatteryPowered;Windows;1600;900;34,8;23,1;3,2
179;LenovoIdeapadS145;2,8;2;51409;32839;Lenovo;;;15,6;1,85;;;Core_i3;Corei3;3,9;2;4;;;1024;Mechanical_hard_drive;;;;;;;;;;;;;;;;;;;;
180;MSIGamingGL659SDK-214IN;4,3;11;1,19,990;1,18,900;MSI;Gaming;Black;15,6;2,3;Lithiumionbatteries;GL659SDK-214IN;Intel;Corei7;;;16;DDR4;;1024;HybridDrive;;;GTX1660Ti;;6;;;;3;1;1;1;;BatteryPowered;;1920;1080;35,7;24,8;2,8
181;ASUSVivoBook;4,1;36;95,99;83,99;ASUS;;;15,6;1,8;LithiumPolymerbatteries;S532FL-BQ702T;Intel;Corei7;1,8;4;8;;;512;FlashMemorySolidState;;;NVIDIAGeForceMX250;;2;;;;;;;;;BatteryPowered;;;;23;35,7;1,8
182;Amazon;4,5;40578;1,099;699;AmazonBasics;;Purple;17,3;3,45;;NC1407073G;;;;;;;;;;;;;;;;;;;;;;;;;;;43,9;32;2
183;HPPavilionx360Core;3,7;19;88,194;78,985;HP;;;14;1,59;AAAbatteries;14-dh1011TU;Intel;Corei5;1,6;4;8;;;1024;HybridDrive;;;IntelUHD;;;;;;;;;;;BatteryPowered;;;;22,3;32,4;2,1
184;Lenovo;1;2;3,999;2,699;RS;;;;2,4;;;;;;;;;;;;;;;;;;;;;;;;;;;;;;;
185;AcerNitro5AN515-52;1;1;1,09,999;60,99;Acer;Nitro5;Black;15,6;2,7;Lithiumionbatteries;AN515-52;Intel;Corei78750H;;;8;DDR4;;1024;MechanicalHardDrive;;OptimizedDolbyAudioPremiumsoundenhancement;NVIDIAGeForceGTX1050Tiwith4ofdedicatedGDDR5VRAM;NVIDIA;4;Wi-Fi,Bluetooth;802,11a/b/g/n/ac;2;2;1;1;1;;BatteryPowered;;1920;1080;26,6;39;2,7
143;HP15seq0132AU;;;65,594;59,99;HP;15s;NaturalSilver;15,6;1,74;Lithiumionbatteries;eq0132AU;AMD;RSeries;2,3;2;8;DDR4;;512;FlashMemorySolidState;SolidState;Dualspeakers;RadeonRXVega10;AMD;;Wi-Fi,Bluetooth;;;3;1;1;;;;;1920;1080;24,2;35,9;1,8
186;HPNotebookPC245G7;3,6;73;;;HP;245G7;Black;14,1;1,52;Abatteries;HP245G7;AMD;RSeries;2,5;2;4;DDR4;GDDR4;1024;MechanicalHardDrive;SerialATA;Dualspeakers;AMDRadeonVega;AMD;;Wi-Fi,Bluetooth;;1;2;1;1;1;;BatteryPowered;Windows;1366;768;23,4;33,5;2
187;HP14;3,4;87;72,569;56,99;HP;HP14bfseries;SilkGold;14;1,54;Lithiumionbatteries;14-bf120TU;Intel;Corei5;3,4;8529;8;DDR4;DDR3SDRAM;256;SolidState;SerialATA;DualSpeakers;IntelUHDGraphics620;;;Wi-Fi,Bluetooth;802,11ac;;2;1;1;;;;;1920;1080;32,4;22,8;2
188;SellZoneLaptop;4;40;1,999;999;SellZone;;;;3,49;;LenovoG50-30/G50-45/G50-70/G50-80/2;;;;;;;;;;;;;;;;;;;;;;;;;;;18;14;4
189;SellZone;;;1,403;915;SellZone;;;;;;DellInspiron15RN5110SeriesLaptopSc;;;;;;;;;;;;;;;;;;;;;;;;;;;;;
190;DellLatitudeE6440;;;94,99;31,99;Dell;Latitude;Silver;14;2,4;;E6440-i5-8-240;Intel;Corei5;;;8;DDR3;;240;FlashMemorySolidState;;;IntelIntegratedGraphics;Intel;;;;1;2;;1;1;;;;1366;768;20;20;8
191;ASUSTUFGamingA15Laptop;2,1;3;98,99;75,89;ASUS;TUFGamingA15;FortressGray;15,6;2,3;LithiumPolymerbatteries;FA566II-HN230T;AMD;RSeries;;;8;DDR43200MHz;;1024;HybridDrive;;Built-inarraymicrophone;NVIDIAÂ GeForceÂ GTXÂ 1650Â Ti;NVIDIA;4;Wi-Fi,Bluetooth;;1;3;1;1;1;;;Windows;1920;1080;25,6;35,9;2,5
192;LenovoIdeapadS540;4,2;90;79,99;62,99;Lenovo;;;15,6;1,8;LithiumPolymerbatteries;81NE0020IN;Intel;Corei5;3,9;4;8;;;1024;HybridDrive;;;MX250G532B;;2;;;;;;;;;BatteryPowered;;;;35,8;24,4;1,7
193;Amazon;4,6;1231;3,1;1,999;AmazonBasics;;Black;;2,54;;DLB111-US290;;;;;;;;;;;;;;;;;;;;;;;;;;;45,6;11,5;51
194;LenovoL430;;;21,499;20,899;Lenovo;;Black;14,1;2,3;Lithiumionbatteries;L430;Intel;Corei5;2,5;;4;DDR3;;320;mechanicalharddrive;;;IntelHDGraphics3000;Intel;;Wi-Fi;;2;2;;;;220Volts;BatteryPowered;PC,UNIX;1366;768;35;24;3,1
195;LenovoV130;3,4;79;45;30;Lenovo;V130-14IKB;gray;14;1,55;Lithiumionbatteries;81HQ00ERIH;Intel;Corei3;2,3;1;4;DDR4;DDR4SDRAM;1024;MechanicalHardDrive;eSATA;DualspeakersDolbyAdvancedAudio;IntelHDGraphics620;;;Wi-Fi,Bluetooth;;1;1;1;1;1;;;;1366;768;34,3;24,7;2
196;AssemblyLaptop;;;;2,499;THEASSEMBLY;;;;3,99;;Neeson_Teal;;;;;;;;;;;;;;;;;;;;;;;;;;;38,1;7,6;29,2
197;AsusX409JA-EK592T;;;60,99;51,235;ASUS;;Grey;14;1,5;LithiumPolymerbatteries;X409JA-EK592T;Intel;Corei56600;1;1;8;DDR4;DDR4SDRAM;512;SSD;;;IntegratedIntelUHDGraphics;;;;;;;1;;;;;Windows;1920;1080;32,5;21,6;2,3
198;Amazon;4,2;2232;2,095;779;AmazonBasics;;LightGrey;13;1,81;;NC1506106R2;;;;;;;;;;;;;;;;;;;;;;;;;;;35,1;26,2;1
199;ASUSVivoBook15X510UA;3,3;83;48,99;35,9;ASUS;Vivobook15;Grey;15,6;1,7;LithiumPolymerbatteries;X510UA-EJ1223T;Intel;Corei38130U;2,2;2;4;DDR4;DDR4SDRAM;1024;MechanicalHardDrive;eSATA;Built-inspeaker;IntelUHDGraphics620;;;Wi-Fi,Bluetooth;;2;1;1;1;;;;;1920;1080;24,3;36,1;1,9
200;LenovoIdeaPadS145;3,6;5;;;Lenovo;;;15,6;1,85;LithiumPolymerbatteries;81MV009HIN;Intel;Corei5;1,6;4;8;;DDR4SDRAM;1024;MechanicalHardDrive;eSATA;;INTELHDGRAPHICS;;2;;;;;;;;;BatteryPowered;Windows;1920;1080;;;
201;MicrosoftSurfaceLaptop;4,1;68;1,24,699;1,12,999;Microsoft;;PlatinumwithAlcantara;13,5;1,54;Lithiumionbatteries;VGY-00001;Intel;Corei5;1,2;4;8;LPDDR4;;128;SSD;SolidState;;;;;;;;;;;;;BatteryPowered;PC;1080;FullHD;34,3;5,1;25,4
202;HP15;;;44910;38989;HP;;;15,6;;;;;Corei3;2,3;2;4;DDR4;;1024;MechanicalHardDrive;;;IntelHDGraphics620;;;;;;;;;;;;;;;;;
203;LenovoV130-Celeron3865U;1;2;28,9;25,99;Lenovo;;black;15,6;2,1;Lithiumionbatteries;;;;;;4;;;;HDD;;;;;;;;;;;;;;;;;;;;
204;ASUSROGZephyrusMGU502GU-ES003T;4,1;38;1,49,990;1,27,990;ASUS;;;15,6;1,93;Lithiumionbatteries;GU502GU-ES003T;Intel;Corei7;4,5;6;16;;DDRDRAM;512;FlashMemorySolidState;SerialATA;;NVIDIAGeForceGTX1660Ti;;6;;;;;;;;;;Windows;;;25,2;36;2
120;AcerSwift5;5;5;1,09,999;96,149;Acer;Swift5;CharcoalBlue;14;9,89;Lithiumionbatteries;SF514-54T;Intel;Corei7;3,9;;16;DDR4X;;512;FlashMemorySolidState;;Built-inspeakers;IntelIrisPlusGraphics;;;Wi-Fi,Bluetooth;802,11a/b/g/n/ac;1;2;1;1;;220;BatteryPowered;;1920;1080;21,1;31,8;1,5
205;ONSITE;4;352;999;449;ONSITEGO;;;;9;;;;;;;;;;;;;;;;;;;;;;;;;;;;;;;
206;Amazon;4,5;40578;1,695;679;AmazonBasics;;Blue;13,3;1,95;;NC1506164F;;;;;;;;;;;;;;;;;;;;;;;;;;;34,3;24,4;2
207;ASUSTUFGamingFX505DY-BQ024T;4,2;32;;;ASUS;TUFGaming;BlackPlastic;15,6;2,2;LithiumPolymerbatteries;FX505DY-BQ024T;AMD;RSeries;;4;8;DDR4;;512;FlashMemorySolidState;;SpeakerDTSsoftware;AMDRADEONRX560X;;4;Wi-Fi,Bluetooth;;1;2;1;1;1;;BatteryPowered;;1920;1080;26,2;36;2,7
208;SellZone;;;;;SellZone;;;;;;Lenovo2049SeriesLaptopScreenHinge(;;;;;;;;;;;;;;;;;;;;;;;;;;;;;
209;LenovoIdeaPadS34081VW00CVIN;4,6;17;95;60,5;Lenovo;IdeaPadS340;PlatinumGrey;15,6;1,79;LithiumPolymerbatteries;81VW00CVIN;Intel;Corei5;1,1;;8;DDR4;;512;FlashMemorySolidState;;DualSpeakerWithDolbyAudio;INTEGRATEDGRAPHICS;;;;;;2;1;1;;;;;1920;1080;35,8;24,5;1,8
210;DellInspiron153584;3,5;40;;;Dell;;silver;15,6;2;Lithiumionbatteries;;Intel;Corei3;2,3;2;8;DDR4;DDR4SDRAM;1024;MechanicalHardDrive;eSATA;;IntelHDGraphics620;;;;802,11ac;1;;;;;;BatteryPowered;Windows;1920;1080;25,8;38;2
211;ASUSZenBookProDuoUX581GV-H2036T;4;15;2,54,990;2,25,990;ASUS;;;15,6;2,5;Lithiumionbatteries;UX581GV-H2036T;Intel;Corei7;2,6;6;32;;;32;FlashMemorySolidState;;;NVIDIAGeForceRTX2060;;6;;;;;;;;;BatteryPowered;;;;24,6;35,9;2,4
212;HP15;3,8;172;;;HP;;;;2,04;LithiumPolymerbatteries;DA0077TX;Intel;Corei58250U;3,4;4;8;;GDDR5;1024;MechanicalHardDrive;eSATA;;2NVIDIAGeforce;;2;;;;;;;;;;Windows;;;37,6;24,6;2,3
213;AcerAspire3;4,2;323;;;Acer;Aspire3Thin;ShaleBlack;15,6;1,9;Lithiumionbatteries;A315-54;Intel;Corei3;3,9;;4;DDR4;;256;FlashMemorySolidState;;Twobuilt-instereospeakers;IntelUHDGraphics620;;;Wi-Fi,Bluetooth;802,11a/b/g/n/ac;2;1;1;1;1;220;BatteryPowered;;1920;1080;24,7;36,3;1,9
214;AsusX409JA-EK591T;;;;;ASUS;;Silver;14;1,5;LithiumPolymerbatteries;X409JA-EK591T;Intel;Corei56600;1;1;8;DDR4;DDR4SDRAM;512;SSD;;;IntegratedIntelUHDGraphics;;;;;;;1;;;;;Windows;1920;1080;32,5;21,6;2,3
215;ASUSVivoBook15X510UN-EJ329T;3,3;37;74,99;55,999;ASUS;Vivobook;Grey;15,6;1,7;LithiumPolymerbatteries;X510UN-EJ329T;Intel;Corei7;1,8;4;8;DDR4;DDR4SDRAM;1024;MechanicalHardDrive;SerialATA;Built-inspeakerandmicrophone;NVIDIAGeForceMX150;NVIDIA;2;Wi-Fi,Bluetooth;802,11ac;2;1;1;1;;;;;1920;1080;24,3;36,1;1,9
216;ASUSVivoBook15X512DA-EJ503T;4,5;102;54,99;46,99;ASUS;VivoBook15;PeacockBlue;15,6;1,6;LithiumPolymerbatteries;X512DA-EJ503T;AMD;RSeries;2,1;1;8;DDR4;DDRDRAM;512;FlashMemorySolidState;SerialATA;ASUSSonicMasterTechnology;AMDIntegratedRadeonVega8;AMD;;Wi-Fi,Bluetooth;802,11ac;2;2;1;1;;;;;1920;1080;23;35,7;2
217;OnsiteGo2Year;3,7;24;7,099;6,599;ONSITEGO;2OSL150200;multicolour;;1.01.190001:55:12;;2OSL150200;;;;;;;;;;;;;;;;;;;;;;;;;;;;;
218;ONSITEGO2Year;4;150;1,499;799;ONSITEGO;;;;9;;;;;;;;;;;;;;;;;;;;;;;;;;;;;;;
219;DellInspiron3585;5;1;;;Dell;;Silver;15,6;2;Lithiumionbatteries;Y1S88PA;AMD;RSeries;2;4;4;DDR4;DDR4SDRAM;1024;HDD;eSATA;;Vega3Graphics;;;;;;;;;;;;Windows;1366;768;;;
220;MSIPrestige14A10RB-038IN;;;;1,09,990;MSI;Prestige;gray;14;1,29;LithiumPolymerbatteries;Prestige14A10RB-038IN;Intel;Corei7;;;;DDR4;;;FlashMemorySolidState;;;MX250;;2;;;;4;1;1;1;;;;1920;1080;31,9;21,5;1,6
221;HPNew2020;4;46;84,558;59,653;HP;;;14;1,97;LithiumPolymerbatteries,;7RP94UA;Intel;Corei5;1,1;4;4;DDR4;DDR4SDRAM;128;SSD;SolidState;;IntelUHDGraphics;;4;Wi-Fi,Bluetooth;802,11ac;;;1;;;;BatteryPowered;PC;1920;1080;32,4;22,5;1,8
222;ONSITEGO1Year;3,9;526;999;349;ONSITEGO;;;;9;;;;;;;;;;;;;;;;;;;;;;;;;;;;;;;
223;AcerAspire;;;69,99;48,99;Acer;;Black;15,6;2,2;;A315-51-52ZD;Intel;Corei57200U;2,5;2;6;DDR4;DDR4SDRAM;2048;Hybrid(2TBHDD+256SSD);SerialATA;;IntelHDGraphics620;Intel;6;Wi-Fi;802,11ac;;;1;;;;;Windows;1080;FullHD;38,2;25,9;2,1
224;ASUSZenBook13UX334FL-A5821TS;;;1,09,990;90,99;ASUS;ZenbookClassic;RoyalBlue;13,3;1,27;LithiumPolymerbatteries;UX334FL-A5821TS;Intel;Corei5;1,6;4;8;2133MHzLPDDR3;;512;FlashMemorySolidState;;Built-inspeaker;NVIDIAGeForceMX250;;2;Wi-Fi,Bluetooth;;1;2;1;1;;;BatteryPowered;;1920;1080;18,9;30,2;1,8
225;OnsiteGo2Year;3,5;25;4,949;2,999;ONSITEGO;2OSL0020;;;1,8,;;2OSL0020;;;;;;;;;;;;;;;;;;;;;;;;;;;;;
226;LenovoIdeaPadS14581VD007AIN;;;42,19;30,99;Lenovo;;;;2,2;Lithiumionbatteries;;;;;;;;;;;;;;;;;;;;;;;;;Windows;;;;;
227;ASUSVivoBook15X512FL-EJ701T;3,3;6;79,99;67,79;ASUS;VivoBook15;TransparentSilver;15,6;1,75;LithiumPolymerbatteries;X512FL-EJ701T;Intel;Corei7;1,8;1;8;2400MHzDDR4;DDRDRAM;512;FlashMemorySolidState;SerialATA;Built-inspeaker;NVIDIAGeForceMX250;NVIDIA;2;Wi-Fi,Bluetooth;802,11ac;2;2;1;1;;;;;1920;1080;23;35,7;2
228;DellInspiron7570;5;2;1,01,990;99,999;Dell;;Silver;15,6;2;;7570-9945;Intel;Corei77Y75;1,8;4;8192MB;DDR4;GDDR5;512;SSD;SerialATA;;Nvidia;NVIDIA;4;;802,11a/b/g;;;;;;11,4Volts;BatteryPowered;PC;4K;;36,1;24,5;1,9
229;SellZoneLaptop;;;7,632;4,774;SellZone;;;;;;DellXPSM1330;;;;;;;;;;;;;;;;;;;;;;;;;;;;;
230;SellZoneLaptop;;;3,032;1,899;SellZone;;;;;;G-50G50-70;;;;;;;;;;;;;;;;;;;;;;;;;;;;;
231;Amazon;4,4;7718;1,1;549;AmazonBasics;;;;;;L6LUC160-CS-R;;;;;;;;;;;;;;;;;;;;;;;;;;;12,4;7,1;2
232;Amazon;4,2;8573;795;629;AmazonBasics;;;;5,4;;AZDPHD03;;;;;;;;;;;;;;;;;;;;;;;;;;;91,4;2;1,2
233;LenovoIdeapad330;4;19;;;Lenovo;Ideapad330;OnyxBlack;15,6;2,2;LithiumPolymerbatteries;81DE01MJIN;Intel;Corei58250U;3,4;4;8;DDR4;;1024;MechanicalHardDrive;;DualSpeaker2X1,5;NVIDIAGeForceMX150;NVIDIA;2;Wi-Fi,Bluetooth;;;2;1;1;1;;BatteryPowered;;1366;768;37,8;26;2,3
234;OnsiteGo2Year;3,7;9;5,499;4,999;ONSITEGO;2OSL100150;;;9;;2OSL100150;;;;;;;;;;;;;;;;;;;;;;;;;;;;;
235;Amazon;4,6;10504;445;419;AmazonBasics;;;;1,04;;15M8;;;;;;;;;;;;;;;;;;;;;;;;;;;16;11;3,5
236;AcerAspire5UN;;;45,999;27,9;Acer;Aspire5;ObsidianBlack;15,6;2,1;;UN,GSYSI,003_01-cr;Intel;Corei5;1,6;;4;DDR4;;1024;MechanicalHardDrive;;;IntelGraphics;;;Wi-Fi,Bluetooth;802,11ac;1;;1;;;220;;PC,Laptop,notebook;1366;768;25,9;38,1;20,8
237;HP15da0447TX;2,5;8;50491;36724;HP;;;15,6;;;;Core_i3;Corei3;2,3;;4;;;1024;;;;NVIDIAGeForceMX110;;2;;;;;;;;;;;;;;;
238;HP;1;1;37,297;32,8;HP;;Black;15,6;1,96;Lithiumionbatteries;Y0T74PA;Intel;Corei3;2;2;4;DDR3;GDDR3;;SATA;;;NVIDIA;NVIDIA;4;;802,11b/g;2;;;;;;;Windows;;;38,4;25,5;2,4
239;HPElitebook840G6;;;1,95,000;1,37,900;HP;Elitebook;Silver;14;1,48;Lithiumionbatteries;840G6;Intel;Corei5;1,6;;8;DDR4;;512;FlashMemorySolidState;;BangOlufsenSpeakers;AMDRadeonRX550;AMD;2;Wi-Fi,Bluetooth;;;2;1;1;1;;;;1920;1080;23,4;32,6;1,8
240;ASUSVivoBook14X403FA-EB021T;4,3;58;69,99;58,99;ASUS;VivoBook14;SilverandBlue;14;1,35;LithiumPolymerbatteries;X403FA-EB021T;Intel;Corei5;;4;8;LPDDR3;;512;FlashMemorySolidState;;StereoSpeakerswithDigitalArrayMicrophone;IntelUHDGraphics620;;;Wi-Fi,Bluetooth;;1;2;1;1;;;BatteryPowered;;1920;1080;20,8;32,3;1,7
241;Moneyplant;4;1;1,476;650;Moneyplant;;Black;;4,31;;;;;;;;;;;;;;;;;;;;;;;;;;;;;;;
242;ASUSZenBook13UX333FA-A5822TS;;;1,10,990;88,99;ASUS;ZenbookClassic;IcicleSilver;13,3;1,27;LithiumPolymerbatteries;UX333FA-A5822TS;Intel;Corei5;1,6;4;8;2133MHzLPDDR3;;512;FlashMemorySolidState;;Built-inspeaker;IntelUHDGraphics620;;;Wi-Fi,Bluetooth;;1;2;1;1;;;BatteryPowered;;1920;1080;18,9;30,2;1,8
243;HP15;3,2;500;40,973;36,999;HP;;;15,6;2,1;LithiumPolymerbatteries;15-da0327tu;Intel;Corei37100U;2,4;2;4;;GDDR4;1024;MechanicalHardDrive;eSATA;;IntelHDGraphics620;;;;;;;;;;;;Windows;;;37,6;24,6;2,3
244;AsusX541UA-DM1295D;2,5;22;;;ASUS;;Silver;15,6;2;Abatteries,;X541UA-DM1295D;Intel;Corei3;2;;4;DDR4;DDR4SDRAM;1024;SerialATA;eSATA;;IntelHD520;Intel;;;802,11b/g/n;1;1;1;1;;;;PC;1920;1080;50;30;6
245;Moneyplant;;;2,64;1,145;Moneyplant;;Colour;;6,8;;;;;;;;;;;;;;;;;;;;;;;;;;;;;;;
246;MicrosoftSurfaceLaptop;;;;1,16,999;Microsoft;Laptop3;Platinum;15;1,54;;1873;AMD;RSeries;;;8;DDR4;;128;FlashMemorySolidState;;OmnisonicSpeakerswithDolbyAudioTM;AMDRadeonVega9GraphicsMicrosoftSurfaceEdition;AMD;;;;;1;;1;;;;;2496;1664;33,9;24,4;1,5
247;ASUSROGG703;5;4;;3,99,990;ASUS;ROGG703;Aluminum;17,3;4,7;Lithiumionbatteries;G703GXR-EV078R;Intel;Corei9;2,4;8;32;DDR4;;1024;HybridDrive;;;NVIDIAGeForceRTX2080;;8;Wi-Fi,Bluetooth;;;;1;1;1;;BatteryPowered;;1920;1080;31,9;42,5;5,1
248;LenovoV13081HQA034IH2019;4;4;34,5;29,29;Lenovo;V130;Gray;14;1,55;LithiumPolymerbatteries;81HQA034IH;Intel;Corei3;2,2;1;4;DDR4;DDR4SDRAM;1024;MechanicalHardDrive;SerialATA;DolbyAudiospeakers;IntelUHDGraphics620;Intel;;Wi-Fi,Bluetooth;;1;1;1;1;1;;;;1366;768;34,3;24,7;2
249;ASUSROGZephyrusGGA502DU-AL025T;5;1;;94,99;ASUS;ROGZephyrusG;Black;15,6;2,19;Lithiumionbatteries;GA502DU-AL025T;AMD;RSeries;2,3;1;16;2400MHzDDR4;;512;FlashMemorySolidState;SolidState;withSmartAmp;NVIDIAGeForceGTX1660TiMax-Q;NVIDIA;6;Wi-Fi,Bluetooth;802,11ac;;4;1;1;1;;;;1920;1080;25,2;36;2
250;HP15IntelCeleronDualCor;4,2;3;;;HP;;Black;15,6;1,77;LithiumPolymerbatteries;4ST42PA;Intel;CeleronP4500;1,1;2;4;DDR4;DDR4SDRAM;1024;MechanicalHardDrive;eSATA;Dualspeakers;IntelIntegrated;;;;802,11b/g;1;;;;;;BatteryPowered;Windows;1366;768;37,6;24,6;2,3
251;Moneyplant85A;;;1,22;595;Moneyplant;;Black;;6,71;;;;;;;;;;;;;;;;;;;;;;;;;;;;;;;
252;LenovoIdeapad130AMDA9-9425;3;26;;;Lenovo;Ideapad130;BLACK;15,6;2,1;LithiumPolymerbatteries;81H50040IN;AMD;ASeries;2,5;2;4;DDR4;DDR4SDRAM;1024;MechanicalHardDrive;eSATA;SpeakerwithDolbyAudio;INTEGRATEDGFX;;;;;;2;1;1;1;;BatteryPowered;Windows;1366;768;37,5;25,3;2,3
253;ASUSVivoBook15X512FA-EJ371T;4,3;4;48,99;39,799;ASUS;VivoBook15;TransparentSilver;15,6;1,7;Lithiumionbatteries;X512FA-EJ371T;Intel;Corei3;;1;4;2400MHzDDR4;;512;FlashMemorySolidState;SolidState;Built-inspeaker;IntelIntegratedUHD620;Intel;;Wi-Fi,Bluetooth;802,11ac;2;2;1;1;;;BatteryPowered;Windows;1920;1080;23;35,7;2
254;HPPavilion14-CE1000TX2018;3,2;6;75,486;58,99;HP;;;14;1,6;LithiumPolymerbatteries;14-CE1000TX;Intel;Corei5;1,6;;8;;;256;FlashMemorySolidState;;;NVIDIAGeForceMX150;;2;;;;;;;;;BatteryPowered;PC;;;32,7;22,2;1,8
255;LenovoV13081HNA01AIH2019;3,5;17;37,597;27,85;Lenovo;V130;Gray;15,6;1,8;Lithiumionbatteries;81HNA01AIH;Intel;Corei3;2,3;2;4;DDR4;DDR4SDRAM;1024;MechanicalHardDrive;eSATA;DolbyAudioTMspeakers;IntelUHDGraphics620;Intel;;Wi-Fi,Bluetooth;;1;1;1;1;1;;BatteryPowered;;1366;768;37,5;25,3;2,2
256;AcerNitro7;3,9;9;1,29,999;79,99;Acer;;;15,6;2,5;Lithiumionbatteries;AN715-51;Intel;Corei5;;;8;;;32;FlashMemorySolidState;;;NVIDIAGeForceGTX1660Tiwith6ofdedicatedGDDR6VRAM;;6;;;;;;;;220;BatteryPowered;;;;25,9;36,3;19,9
257;AcerOne14Z2-485;5;1;35;29,8;Acer;;Silver;14;1,8;;Z2-485;Intel;Corei3Family;2,3;2;4;DDR4;DDR4SDRAM;1024;MechanicalHardDrive;SerialATA;;N/A;;;;;;;;;;;;Windows;1366;768;34;24,5;2,4
258;LenovoIdeapadL340;3,7;37;84,59;66,99;Lenovo;;;15,6;2,2;LithiumPolymerbatteries;81LK004LIN;Intel;Corei5;2,4;4;8;;;1024;MechanicalHardDrive;;;NVIDIAGeForceGTX1050;;3;;;;;;;;;BatteryPowered;;;;36,3;25,4;2,4
259;SellZone;;;;;SellZone;;;;;;HPPavilionG6-2000SeriesLaptopScreen;;;;;;;;;;;;;;;;;;;;;;;;;;;;;
260;SellZone;;;;;SellZone;;;;;;DellLatitudeD820SeriesLaptopScreen;;;;;;;;;;;;;;;;;;;;;;;;;;;;;
261;SellZone;;;;;SellZone;;;14;;;LenovoTHINKPADEdgeE420E425Laptop14;;;;;;;;;;;;;;;;;;;;;;;;;;;;;
262;SellZone;;;;;SellZone;;;;;;AcerAspire4920zSeriesLaptopScreenH;;;;;;;;;;;;;;;;;;;;;;;;;;;;;
263;AcerNitro5AN515-54;3;2;79,999;56,99;Acer;Nitro5;ObsidianBlack;15,6;2,3;Lithiumionbatteries;AN515-54;Intel;Corei5;;;8;DDR4;;1024;MechanicalHardDrive;;WavesMaxxAudio;NVIDIAGeForceGTX1650;NVIDIA;4;Wi-Fi,Bluetooth;802,11a/b/g/n/ac;1;3;1;1;1;220;BatteryPowered;;1920;1080;25,5;36,3;2,6
264;AcerAspire5Slim;3,8;5;69,999;54,99;Acer;Aspire5Slim;PureSilver;15,6;1,8;Lithiumionbatteries;A515-54G;Intel;Corei5;;;8;DDR4;;1024;MechanicalHardDrive;;Builtinspeakers;MX250Graphics;Intel;2;Wi-Fi,Bluetooth;802,11a/b/g/n/ac;1;2;1;1;1;220;BatteryPowered;;1920;1080;25,1;36,3;1,8
265;ASUSVivoBook15X505ZA-EJ505T;3,6;285;;34,99;ASUS;Vivobook15;DarkGray;15,6;1,6;LithiumPolymerbatteries;X505ZA-EJ505T;AMD;RSeries;2,4;1;1;DDR4;72-PinEDOSIMMMemory;1024;MechanicalHardDrive;eSATA;Built-inspeaker;AMDRadeon;AMD;;Wi-Fi,Bluetooth;802,11ac;2;1;1;1;1;;;;1920;1080;24,4;36,1;1,9
266;HP14Laptop;3,8;10;49,209;48,99;HP;14;NaturalSilver;14;1,47;LithiumPolymerbatteries;14-DK0093AU;AMD;RSeries;2,1;4;8;DDR4;DDR4SDRAM;1024;HybridDrive;eSATA;DualSpeakers;RadeonVega8Graphics;;;Wi-Fi,Bluetooth;;;3;1;1;1;;;Windows;1920;1080;22,6;32,4;2
86;HPPavilion1414-ce3022TX2019;4,3;21;74,159;70,988;HP;Pavilion14;Mineralsilver;14;1,6;Lithiumionbatteries;14-ce3022TX;Intel;Corei5;;;8;DDR4;;1024;HybridDrive;;BangOlufsenspeakers;NVIDIAMX250;NVIDIA;2;Wi-Fi,Bluetooth;;;3;1;1;1;;;;1920;1080;22,6;32,7;1,8
267;DellAlienwareM15R2;4,1;5;;;Dell;Alienware;LunarLight;15,6;2,16;Lithiumionbatteries;M15R2;Intel;Corei9;2,4;;16;DDR4;;1024;FlashMemorySolidState;;Klipsch;NVIDIA2080;NVIDIA;8;Wi-Fi,Bluetooth;;;3;1;1;1;;BatteryPowered;;1920;1080;27,5;36,3;1,8
268;Lenovo80X200ELIN;4;3;;;Lenovo;IdeaPad520S-14IKB;;14;1,7;Lithiumionbatteries;80X200ELIN;Intel;Corei5;3,1;;8;DDR4;;1024;SerialATA;;HarmanSpeakerswithDolbyAudio;Integrated;;;Wi-Fi,Bluetooth;;1;1;1;;;;;PC;1920;1080;32,7;23,6;1,9
269;LenovoT49020RYS01H002019;;;;;Lenovo;T490;Black;14;1,55;Lithiumionbatteries;20RYS01H00;Intel;Corei5;1,6;;8;DDR4;;512;FlashMemorySolidState;;DolbyAudioPremium;IntelUHDGraphics;Intel;;Wi-Fi,Bluetooth;;;2;1;1;1;;;;1920;1080;32,9;22,7;1,8
270;LenovoT49020RYS01K002019;;;1,37,400;1,33,032;Lenovo;T490;Black;14;1,55;Lithiumionbatteries;20RYS01K00;Intel;Corei7;1,8;;8;DDR4;;512;FlashMemorySolidState;;DolbyAudioPremium;NVIDIAGeForceMX2502;NVIDIA;2;Wi-Fi,Bluetooth;;;2;1;1;1;;;;1920;1080;32,9;22,7;1,8
271;DellGSeriesG7A-75881;5;8;1,87,166;1,45,000;Dell;GSeries;Black;15,5;2,5;Lithiumionbatteries;DellGSeriesG77588;Intel;Corei9;;;16;DDR4;;1024;HybridDrive;;WavesMaxxAudio;NVIDIAGeForceGTX1060;NVIDIA;6;;;;3;1;1;1;;;;1920;1080;27,5;38,9;2,5
272;LenovoLegionY540;4,3;152;1,36,690;91,99;Lenovo;;;15,6;2,3;LithiumPolymerbatteries;81SY00EVIN;Intel;Corei7;2,6;6;16;;;1024;FlashMemorySolidState;;;NVIDIAGEFORCEGTX1650(4GDDR5);;4;;;;;;;;;BatteryPowered;;;;36,5;26;2,6
273;HPNotebookPC340SG7;;;1,10,000;85,9;HP;NotebookPC;AshSilver;14;1,47;Lithiumionbatteries;340SG7;Intel;Corei5;1;;8;DDR4;;512;FlashMemorySolidState;;Dualstereospeakers;IntelUHDÂ ;Intel;;Wi-Fi,Bluetooth;;;3;1;1;;;;;1366;768;22,5;32,4;1,8
274;LenovoIdeapadS145;3,2;32;29,5;26,99;Lenovo;IdeapadS145;PlatinumGray;15,6;1,85;LithiumPolymerbatteries;81MV00M3IN;Intel;Pentium;2,3;2;4;DDR4;;1024;MechanicalHardDrive;;;Integrated;;;Wi-Fi,Bluetooth;;1;2;1;1;;;BatteryPowered;;1366;768;36,2;25,1;2,1
142;DellInspiron5570;4,1;51;;;Dell;Inspiron;Silver;15,6;2,5;Abatteries;Inspiron5570;Intel;Corei78550U;;;8;DDR4;;128;Solid_state_drive;;;AMDRadeonGraphics530;AMD;4;Wi-Fi;;1;2;;;;;;;1920;1080;25,8;38;2,3
137;HP15da0414tu;3,8;141;36,488;34,99;HP;;;15,6;1,77;Lithiumionbatteries;da0414tu;Intel;Corei38130U;2,2;;8;;;1024;MechanicalHardDrive;;;IntelUHD620;;;;;;;;;;;;;;;24,6;37,6;2,3
275;SellZoneLaptop;5;1;8,676;6,674;SellZone;;;;3,49;;LenovoB590;;;;;;;;;;;;;;;;;;;;;;;;;;;;;
276;LaptopwithMiceBundleTest;;;;56028;AVITA;;;14;;;;Intel;;;;8;;;;;;;IntelHDGraphics615;Intel;;;;;;;;;;;;;;;;
161;HPPavilion1414-ce3024TX2019;5;2;91,703;84,99;HP;Pavilion14;Mineralsilver;14;1,6;Lithiumionbatteries;14-ce3024TX;Intel;Corei7;;;8;DDR4;;512;FlashMemorySolidState;;BangOlufsenspeakers;NVIDIAMX250;NVIDIA;2;Wi-Fi,Bluetooth;;;3;1;1;1;;;;1920;1080;22,6;32,7;1,8
277;DellInspiron153583;2,6;31;;;Dell;;SILVER;15,6;1,9;LithiumPolymerbatteries;DellInspiron153583Laptop;Intel;CeleronN;1,8;2;4;DDR4;DDR4SDRAM;1024;HDD;eSATA;;IntelUHDGraphics610;;;;;;;;;;;BatteryPowered;Windows;1366;768;25,8;38;2
278;LifeDigitalZEDZedNoteIIGold;1;2;21,299;17,045;LifeDigital;ZED;Gold;13,3;1,45;Lithiumionbatteries;ZedNoteIIGold;Intel;Atom230;1,8;;2;DDR3;;32;FlashMemorySolidState;;;IntelÂ®HDGraphics400;Intel;32;Wi-Fi,Bluetooth;;1;1;1;1;;;;;1920;1080;31;21,4;1
279;HP15;3,7;138;42,99;38,5;HP;HP15;Sparklinlack;15,6;2,1;Lithiumionbatteries;HP15-BS658TX;Intel;Corei3;2;2;8;DDR4;GDDR3;1024;SerialATA;eSATA;DualSpeakers;AMDGRAPHICS;AMD;2;;802,11b/g/n;1;2;1;;;;BatteryPowered;Windows;1920;1080;38;25,4;2,4
280;Zebronics600vaUPS-U725;3,4;573;1,999;1,887;Zebronics;;Black;;4,7;LithiumPolymerbatteries,;U725;;;;;;;;;;;;;;;;;;;;;;230Volts;AC;;;;32,4;14;22
81;HP14Scr2000TX;4,2;30;69,092;63,99;HP;14S;NaturalSilver;14;1,47;Lithiumionbatteries;cr2000TX;Intel;Corei5;1,6;2;8;DDR4;;1024;HybridDrive;SerialATA;Dualspeakers;AMDRadeonGraphics530;AMD;2;Wi-Fi,Bluetooth;;;3;1;1;;;BatteryPowered;;1920;1080;22,5;32,4;2
135;MicrosoftSurfaceProX1876;2,5;3;98,999;98,99;Microsoft;SurfaceProX;MatteBlack;13;7,76;;1876;Â Microsoft;ARM610;;;8;LPDDR4X;;128;FlashMemorySolidState;;DualfarfieldstudioMics;MicrosoftSQ1Adreno685GPU;;;Wi-Fi;;;2;;;;;BatteryPowered;;2880;1800;28,7;20,8;0,7
281;GP65Leopard9SD-459;1;3;;1,04,990;MSI;Gaming;Black;15;2,33;Lithiumionbatteries;GP65Leopard9SD-459IN;Intel;Corei7;;;;DDR4;;1024;HybridDrive;;;GTX1660Ti;;6;;;;4;1;1;1;;;;1920;1080;35,7;24,8;2,8
282;AcerAspire3A315-31;2,9;65;24,999;17,499;Acer;;Black;15,6;2,3;Lithiumionbatteries;AcerA315-31;Intel;Pentium;;2;2;DDR4;;500;eSATA;;;intelhdgraphics;;;;;2;1;1;;;;BatteryPowered;;1366;768;26,2;38,1;2,1
283;AVITAPURANS14A6INF561-MEGYB;4;2;48,99;40,99;AVITA;;;14;1,34;Lithiumionbatteries;NS14A6INF561-MEGYB;Intel;Corei5;3,9;;8;;;512;FlashMemorySolidState;;;IntelUHDGraphics620;;;;802,11b/n/ac;;;;;;;BatteryPowered;;;;33,2;33,2;22,1
284;ASUSTUFGamingFX505DT;4,3;469;79,99;60,99;ASUS;;;15,6;2,2;Lithiumionbatteries;FX505DT-AL202T;AMD;RSeries;3,7;;8;;;1024;HybridDrive;;;NVIDIAGeForceGTX1650;;4;;;;;;;;;BatteryPowered;;;;26,2;36;2,6
285;LifeDigitalZEDZedAir;5;2;24,999;21,075;LifeDigital;ZED;Silver;14,1;1,32;Lithiumionbatteries;ZedAirH2OSilver;Intel;Celeron;1,1;;3;DDR3;DDR3SDRAM;500;HybridDrive;;;IntelÂ®HDGraphics500;Intel;32;Wi-Fi,Bluetooth;802,11b;3;;1;1;;;;;1366;768;33,3;22;1
286;HP15db1060;2,6;3;38,683;33,9;HP;15;NaturalSilver;15,6;2,04;LithiumPolymerbatteries;db1060auÂ ;AMD;RSeries;;;4;DDR4;;1024;HybridDrive;;DualSpeakers;NVIDIAGeForceGTX1050;AMD;;Wi-Fi,Bluetooth;;1;2;1;1;1;;;;1920;1080;24,5;36,1;1,8
287;ASUSVivoBook15M509DA-EJ562TAMD;4;14;49,999;35,489;ASUS;VivoBook15;SlateGray;15,6;2,29;LithiumPolymerbatteries;M509DA-EJ562T;AMD;RSeries;;4;4;DDR4;DDR4SDRAM;256;FlashMemorySolidState;;Built-inspeaker;AMDIntegratedRadeonVega8;;;Wi-Fi,Bluetooth;;2;2;1;1;;;BatteryPowered;Windows;1920;1080;23,5;36;23,5
288;LenovoIdeapadC340;3,5;6;58,69;40,99;Lenovo;IdeapadC340;PLATINUM;14;1,65;LithiumPolymerbatteries;81N60042IN;AMD;RSeries;3,5;1;4;DDR4;DDRDRAM;256;FlashMemorySolidState;SerialATA;DualSpeakerswithDolbyAudio;INTEGRATEDGFX;;;;;;3;1;1;;;BatteryPowered;Windows;1920;1080;32,8;22,9;1,8
289;DELLInspiron3584;5;3;44,367;39,99;Dell;Inspiron;Silver;15,6;2,2;Lithiumionbatteries;3584;Intel;Corei3;;;4;DDR4;;1024;HybridDrive;;WavesMaxxAudioPro;IntelHDGraphics;Intel;4;Wi-Fi;;1;2;1;1;1;;BatteryPowered;;1920;1080;24;38;2,1
290;Moshi99MO071908;3,2;25;9,16;7,049;Moshi;;Clear;;2,72;;99MO071908;;;;;;;;;;;;;;;;;;;;;;;;;;;35,2;24,3;1,5
291;HPPavilionGaming15;5;2;83,358;74,49;HP;PavilionGaming;ShadowBlack;15,6;1,98;Lithiumionbatteries;15-ec0028AX;AMD;RSeries;2,3;4;8;DDR4;;1024;HybridDrive;;BangOlufsenspeakers;NVIDIAGTX1650;;4;Wi-Fi,Bluetooth;;1;2;1;1;1;;BatteryPowered;;1920;1080;25,7;36;2,4
292;DellInspiron7380;3,2;6;95,361;63,99;Dell;;;13,3;1,33;LithiumPolymerbatteries;N7380;Intel;Corei5;1,6;;8;;;512;FlashMemorySolidState;;;IntegratedGraphics;;;;;;;;;;;;;;;21,6;31;1,5
293;WacomMobileStudioPro13;;;2,35,000;2,34,999;Wacom;;Black;13,3;4,7;LithiumPolymerbatteries;DTHW1321H;;;;1;512;;DDR3SDRAM;;;;;;;;;;;;;;;;;;;;;;
294;LenovoX39020SCS01H002019;;;2,15,000;1,69,900;Lenovo;X390;black;13,3;1,29;Lithiumionbatteries;20SCS01H00;Intel;Corei7;;;;DDR4;;;FlashMemorySolidState;;DolbyAudioPremium;IntelUHD;;;;;;2;1;1;1;;;;1920;1080;31,2;21,7;1,7
295;HP15;4,2;10;51,042;49,99;HP;15;SparklinlackÂ ;15,6;1,85;LithiumPolymerbatteries;di2000tu;Intel;Corei5;1,6;1;4;DDR4;;1024;HybridDrive;SerialATA;DualSpeakers;IntelUHD;Intel;;Wi-Fi,Bluetooth;;1;2;1;1;1;;;;1920;1080;24,6;37,6;2,3
296;HP15;3,7;5;57,396;51,999;HP;15s;NaturalSilver;15,6;1,74;Lithiumionbatteries;du1034TU;Intel;Corei5;1,6;4;8;DDR4;DDR4SDRAM;1024;MechanicalHardDrive;eSATA;DualSpeakers;IntelUHD;Intel;;Wi-Fi,Bluetooth;802,11b/g/n;;3;1;1;1;;BatteryPowered;Windows;1920;1080;24,2;35,9;2
292;DellInspiron7380;3,2;6;95,361;63,99;Dell;;;13,3;1,33;LithiumPolymerbatteries;N7380;Intel;Corei5;1,6;;8;;;512;FlashMemorySolidState;;;IntegratedGraphics;;;;;;;;;;;;;;;21,6;31;1,5
297;DellInspiron7386;3,2;6;88,582;65,999;Dell;;;13,3;1,4;;N7386;Intel;Corei5;1,6;;8;;;256;FlashMemorySolidState;;;IntegratedGraphics;;;;;;;;;;;;;;;21,3;30,8;1,4
246;MicrosoftSurfaceLaptop;;;;1,16,999;Microsoft;Laptop3;Platinum;15;1,54;;1873;AMD;RSeries;;;8;DDR4;;128;FlashMemorySolidState;;OmnisonicSpeakerswithDolbyAudioTM;AMDRadeonVega9GraphicsMicrosoftSurfaceEdition;AMD;;;;;1;;1;;;;;2496;1664;33,9;24,4;1,5
298;LenovoLegionY540;4,3;37;1,78,690;1,22,990;Lenovo;;;15,6;2,3;LithiumPolymerbatteries;81SX00G6IN;Intel;Corei7;2,6;6;16;;;1024;FlashMemorySolidState;;;NVIDIARTX20606;;6;;;;;;;;;BatteryPowered;;;;36,5;26;2,6
299;AcerSwift5;3,7;7;89,999;69,99;Acer;Swift5;CharcoalBlue;14;9,89;Lithiumionbatteries;SF514-54T;Intel;Corei5;;;8;DDR4X;;512;FlashMemorySolidState;;Builtinspeakers;IntelUHDGraphics;;;Wi-Fi,Bluetooth;802,11a/b/g/n/ac;1;2;1;1;;220;BatteryPowered;;1920;1080;21,1;31,8;1,5
300;AcerAspire5Slim;4;69;39,999;36,666;Acer;Aspire5Slim;ObsidianBlack;15,6;1,8;Lithiumionbatteries;A515-52K;Intel;Corei3;2,3;;4;DDR4;;256;FlashMemorySolidState;;Builtinspeakers;IntelUHDGraphics;Intel;32;Wi-Fi,Bluetooth;802,11a/b/g/n/ac;2;2;1;1;1;220;BatteryPowered;;1920;1080;24,8;36,3;1,8
301;HPPavilion15;4,2;28;72,99;67,9;HP;Pavilion;MineralSilver;15,6;1,85;Lithiumionbatteries;15-cs3006tx;Intel;Corei5;;;8;DDR4;;1024;HybridDrive;;BangOlufsenspeakers;NVIDIAMX250;NVIDIA;2;Wi-Fi,Bluetooth;;;3;1;1;1;;;;1920;1080;24,5;36,2;1,8
65;LenovoIdeapadS145;4;1;50,29;35,99;Lenovo;IdeapadS145;GREY;15,6;1,85;LithiumPolymerbatteries;81UT00J7IN;AMD;RSeries;;;4;DDR4;;1024;MechanicalHardDrive;;DualSpeakerswithDolbyAudio;IntegratedGraphics;;;;;1;2;1;1;;;;;1920;1080;36,2;25,2;2
302;ASUSVivoBook15X509FJ-EJ501T;4,4;24;59,999;54,1;ASUS;ASUS;TRANSPARENTSILVER;15,6;1,9;LithiumPolymerbatteries;X509FJ-EJ501T;Intel;Corei5;;4;8;DDR4;DDR4SDRAM;512;FlashMemorySolidState;;Built-inspeaker;NVIDIAGeForceMX230;;2;Wi-Fi,Bluetooth;;2;2;1;1;;;BatteryPowered;;1920;1080;23,5;36;2,3
303;LenovoIdeapadS145;3,4;150;42,59;32,99;Lenovo;;;15,6;1,85;LithiumPolymerbatteries;81VD008GIN;Intel;Corei38130U;2,2;;4;;;1024;MechanicalHardDrive;;;IntegratedGraphics;;;;;;;;;;;;;;;36,2;25,2;2
304;LenovoThinkPadE14;3,7;16;85,001;60,99;Lenovo;;;14;1,77;Lithiumionbatteries;20RAS0S800;Intel;Corei5;1,6;;8;;;1024;HybridDrive;;;IntelUHDGraphics;;;;;;;;;;;;;;;32,5;23,2;2,1
305;LenovoIdeapadS1457;3,6;49;41,39;31,3;Lenovo;IdeapadS145;BLACK;15,6;1,85;LithiumPolymerbatteries;81VD002PIN;Intel;Corei3;2,3;2;4;DDR4;;1024;MechanicalHardDrive;;SpeakerwithDolbyAudio;INTEGRATEDGFX;;;;;1;2;1;1;;;BatteryPowered;;1920;1080;36,2;25,1;2
306;HPPavilionGaming;;;70,162;62,99;HP;15;ShadowBlack;15,6;2,23;LithiumPolymerbatteries;dk0261TX;Intel;Corei5;2,4;;8;DDR4;;1024;MechanicalHardDrive;;BangOlufsenspeakers;NVIDIAGeForceGTX1050;NVIDIA;4;Wi-Fi,Bluetooth;;;4;1;1;;;BatteryPowered;;1920;1080;25,6;36;2,3
69;AcerNitro5AN515-43;3,8;9;93,999;61,99;Acer;Nitro5;ObsidianBlack;15,6;2,3;Lithiumionbatteries;AN515-43;AMD;RSeries;;4;8;DDR4;;1024;HybridDrive;;WavesMaxxAudio;NVIDIAGeForceGTX1650;NVIDIA;4;Wi-Fi,Bluetooth;802,11a/b/g/n/ac;1;3;1;1;1;220;BatteryPowered;;1920;1080;25,5;36,3;2,6
307;DellInspiron3584;2,7;134;;;Dell;Inspiron;Silver;15,6;2,2;LithiumPolymerbatteries;3584;Intel;Corei3;2,29;;4;DDR4;;1024;FlashMemorySolidState;;WavesMaxxAudioPro;IntelHD;Intel;;Wi-Fi,Bluetooth;;1;2;1;1;1;;BatteryPowered;;1366;768;24;38;2,1
308;AcerNitro5AN515;4,2;5;79,999;52,99;Acer;Nitro5;ObsidianBlack;15,6;2,3;Lithiumionbatteries;AN515-43;AMD;RSeries;;4;8;DDR4;;1024;MechanicalHardDrive;;WavesMaxxAudio;NVIDIAGeForceGTX1650;NVIDIA;4;Wi-Fi,Bluetooth;802,11a/b/g/n/ac;1;2;1;1;1;220;BatteryPowered;;1920;1080;25,5;36,3;2,6
309;LenovoIdeapadS145;3,6;39;48,89;37,99;Lenovo;IdeapadS145;BLACK;15,6;1,85;LithiumPolymerbatteries;81UT0079IN;AMD;RSeries;2,1;4;8;DDR4;DDR4SDRAM;1024;MechanicalHardDrive;eSATA;SpeakerswithDolbyAudio;INTEGRATEDGFX;;;;;1;2;1;1;;;BatteryPowered;Windows;1920;1080;36,2;25,2;2
310;LenovoIdeapadS1458;3,4;318;39,79;32,99;Lenovo;;;15,6;1,85;LithiumPolymerbatteries;81VD0086IN;Intel;Corei3;2,2;;8;;;1024;MechanicalHardDrive;;;IntegratedGraphics;;;;;;;;;;;;;;;36,2;25,1;2
311;ASUSVivoBook15X505ZA-EJ509TAMD;3,8;61;43,99;40,99;ASUS;Vivobook15;IcicleGold;15,6;1,6;LithiumPolymerbatteries;X505ZA-EJ509T;AMD;RSeries;;4;8;DDR4;;1024;MechanicalHardDrive;;Built-inspeaker;AMDRadeon;AMD;;Wi-Fi,Bluetooth;;2;1;1;1;1;;;;1920;1080;24,4;36,1;1,9
312;LenovoIdeapadSlim;;;55,69;39,298;Lenovo;IdeapadSlim3i;PLATINUMGREY;14;1,5;LithiumPolymerbatteries;81WD0045IN;Intel;Corei3;1,2;;8;DDR4;;256;FlashMemorySolidState;;DualSpeakerswithDolbyAudio;IntegratedGraphics;;;;;1;2;1;1;;;;;1920;1080;32,7;24,1;2
313;DellInspiron3584;4;9;;;Dell;;Silver;15,6;2,98;;;Intel;Corei3;2,3;4;8;DDR4;DDR4SDRAM;1024;MechanicalHardDrive;SerialATA;;IntelHDGraphics620;;;;;;;;;;;BatteryPowered;PC;1920;1080;;;
314;HP14Scr2000TX14;4,2;30;69,092;63,99;HP;14S;NaturalSilver;14;1,47;Lithiumionbatteries;cr2000TX;Intel;Corei5;1,6;2;8;DDR4;;1024;HybridDrive;SerialATA;Dualspeakers;AMDRadeonGraphics530;AMD;2;Wi-Fi,Bluetooth;;;3;1;1;;;BatteryPowered;;1920;1080;22,5;32,4;2
315;HPEliteBook1040G314;;;58,999;52,999;HP;;Black;14;1,9;Lithiumionbatteries;EliteBook1040G3-cr;Intel;Corei76600U;2,6;2;8;;SODIMM;512;SolidStateHardDrive;SolidState;;IntelHD;Intel;;Wi-Fi,Bluetooth;802,11a/b/g/n/ac;;;;;;;;Windows;1920;1080;35;29;3,2
316;LenovoV14;;;39;30,99;Lenovo;V14;Gray;14;1,6;Lithiumionbatteries;81YA002GIH;Intel;Corei38130U;;;;DDR4;;1024;MechanicalHardDrive;;Dolbystereospeakers;IntelUHD620;;;Wi-Fi,Bluetooth;;1;2;1;1;;;;;1366;768;32,7;24,1;2
274;LenovoIdeapadS145;3,2;32;29,5;26,99;Lenovo;IdeapadS145;PlatinumGray;15,6;1,85;LithiumPolymerbatteries;81MV00M3IN;Intel;Pentium;2,3;2;4;DDR4;;1024;MechanicalHardDrive;;;Integrated;;;Wi-Fi,Bluetooth;;1;2;1;1;;;BatteryPowered;;1366;768;36,2;25,1;2,1
317;AcerAspire5SlimA515;3,6;19;44,99;36,99;Acer;Aspire5Slim;Silver;15,6;1,8;Lithiumionbatteries;A515-43;AMD;RSeries;;;8;DDR4;;512;FlashMemorySolidState;;Twobuilt-instereospeakers;AMDRadeonVega8MobileGraphics;AMD;8;Wi-Fi,Bluetooth;802,11a/b/g/n/ac;2;1;1;1;1;;BatteryPowered;;1920;1080;24,7;36,3;1,8
313;DellInspiron3584;4;9;;;Dell;;Silver;15,6;2,98;;;Intel;Corei3;2,3;4;8;DDR4;DDR4SDRAM;1024;MechanicalHardDrive;SerialATA;;IntelHDGraphics620;;;;;;;;;;;BatteryPowered;PC;1920;1080;;;
318;DellVostro548114;;;63,217;40,792;Dell;Vostro;Silver;14;2,52;;5481-cr;Intel;Corei5;1,6;;4;DDR4;;1024;MechanicalHardDrive;;;Integrated;;;Wi-Fi,Bluetooth;;1;;1;;;;;;1920;1080;20;12,9;9,2
319;LenovoIdeapadS540;;;1,02,090;70,99;Lenovo;IdeapadS540;MinerayGrey;14;1,5;LithiumPolymerbatteries;81ND00FSIN;Intel;Corei5;1,6;;8;DDR4;;;FlashMemorySolidState;;DualSpeakerswithDolbyAudio;NVIDIAMX250;NVIDIA;2;;;;2;1;1;;;;;1920;1080;32,3;22,7;1,6
320;ASUSVivoBookX510QA-EJ202TAMD;4;6;38,99;33,99;ASUS;VivoBook15;Gold;15,6;1,7;Lithiumionbatteries;X510QA-EJ202T;AMD;ASeries;2,7;4;8;DDR4;DDR4SDRAM;512;FlashMemorySolidState;;Built-inspeaker;AMDintegratedRadeonR7graphics;;;Wi-Fi,Bluetooth;;2;1;1;1;;;BatteryPowered;;1920;1080;24,3;36,1;1,9
321;HP15qds0058TU;3,3;751;38,594;34,99;HP;;;15,6;1,77;Lithiumionbatteries;ds0058TU;Intel;Corei38130U;2,2;;4;;;1024;MechanicalHardDrive;;;IntelUHD620;;;;;;;;;;;;;;;24,6;37,6;2,3
322;LifeDigitalZEDZEDAIR;3,4;3;23,999;17,315;LifeDigital;ZED;Silver;13,3;1,45;Lithiumionbatteries;ZEDAIR3;Intel;Pentium;2,5;4;3;DDR3;DDR3SDRAM;32;FlashMemorySolidState;;;IntelÂ®HDGraphics505;Intel;32;Wi-Fi,Bluetooth;802,11b;;2;1;1;;;;;1920;1080;31,8;21;0,7
323;LenovoIdeapadSlim;;;72,39;51,058;Lenovo;IdeapadSlim3i;PLATINUMGREY;14;1,5;LithiumPolymerbatteries;81WD00AVIN;Intel;Corei5;1;;8;DDR4;;512;FlashMemorySolidState;;DualSpeakerswithDolbyAudio;IntegratedGraphics;;;;;1;2;1;1;;;;;1920;1080;32,7;24,1;2
324;LenovoIdeapadS1458;3,3;275;37,69;29,99;Lenovo;;;15,6;1,85;LithiumPolymerbatteries;81VD0082IN;Intel;Corei3;2,3;;4;;;1024;MechanicalHardDrive;;;IntegratedGraphics;;;;;;;;;;;;;;;36,2;25,1;2
325;LenovoV14;;;48;38,49;Lenovo;V14;Gray;14;1,6;Lithiumionbatteries;82C40104IH;Intel;Corei5;;;;DDR4;;1024;MechanicalHardDrive;;Dolbystereospeakers;IntelUHD620;;;Wi-Fi,Bluetooth;;1;2;1;1;;;;;1366;768;32,7;24,1;2
326;HP15sLaptop;4,2;11;36,344;32,99;HP;15s;NaturalSilver;15,6;1,77;Lithiumionbatteries;eq0063AU;AMD;RSeries;2,6;2;4;DDR4;;512;FlashMemorySolidState;;DualSpeakers;RadeonVega3Graphics;;;Wi-Fi,Bluetooth;;;3;1;1;1;;BatteryPowered;;1920;1080;24,2;35,8;1,7
327;LenovoIdeapadS14510;;;64,99;52,99;Lenovo;IdeapadS145;Grey;15,6;1,85;LithiumPolymerbatteries;81W800HFIN;Intel;Corei5;1;;8;DDR4;;1024;HybridDrive;;SpeakersDolbyAudio;IntegratedGraphics;;;;;1;2;;1;;;;;1920;1080;36,2;25,1;2
328;LenovoIdeapadS14581;3,6;10;54,29;41,494;Lenovo;IdeapadS145;Grey;15,6;1,85;LithiumPolymerbatteries;81UT00EGIN;AMD;RSeries;;;8;DDR4;;512;FlashMemorySolidState;;SpeakerwithDolbyAudio;IntegratedGraphics;;;;;1;2;1;1;;;;;1920;1080;36,2;25,1;2
96;ASUSVivoBook15X512FA;4,2;133;44,99;36,474;ASUS;VivoBook15;TransparentSilver;15,6;1,7;LithiumPolymerbatteries;X512FA-EJ549T;Intel;Corei3;2,1;2;4;DDR4;;256;FlashMemorySolidState;;ASUSSonicMasterTechnology;IntelUHDGraphics620;;;Wi-Fi,Bluetooth;;2;1;1;1;;;BatteryPowered;;1920;1080;23;35,7;1,9
329;LenovoIdeapadSlim3i;;;61,69;44,58;Lenovo;IdeapadSlim3i;PLATINUMGREY;15,6;1,85;LithiumPolymerbatteries;81WE007UIN;Intel;Corei5;1;;8;DDR4;;1024;MechanicalHardDrive;;DualSpeakerswithDolbyAudio;IntegratedGraphics;;;;;1;2;1;1;;;;;1920;1080;36,2;25,3;2
330;AcerAspire3A315;;;29,999;21,274;Acer;Aspire3;Black;15,6;2,1;Lithiumionbatteries;A315-21;AMD;ASeries;;;;DDR4;;1024;MechanicalHardDrive;;Twobuilt-instereospeakers;AMDRadeonR4;;;Wi-Fi,Bluetooth;802,11a/b/g/n/ac;2;1;1;1;1;;;;1366;768;25,9;38,1;2,1
331;HPPavilionGaming;3,7;430;69,071;58,99;HP;;;15,6;2,17;Lithiumionbatteries;15-bc504TX;Intel;Corei5;4,1;4;8;;;1024;MechanicalHardDrive;;;NVIDIAGeForceGTX1050;;4;;;;;;;;;BatteryPowered;PC;;;36,5;25,7;2,5
332;DellLatitudeE547014;;;84,999;39,999;Dell;E5470-cr;Black;14;2;Lithiumionbatteries;E5470-cr;Intel;Corei56200U;2,4;2;8;;SODIMM;256;SolidStateHardDrive;ATA;;Intel_HD;;8;Wi-Fi;;;;;;;;;Windows;1366;768;14;12;10
22;LenovoIdeapadS145;;;39,79;32,99;Lenovo;IdeapadS145;Gray;15,6;1,85;LithiumPolymerbatteries;81UT00EFIN;AMD;RSeries;2,6;;8;DDR4;;256;FlashMemorySolidState;;DualSpeakerswithDolbyAudio;Integrated;;;;;1;2;1;1;;;;;1920;1080;36,3;25,1;2
301;HPPavilion15;4,2;28;72,99;67,9;HP;Pavilion;MineralSilver;15,6;1,85;Lithiumionbatteries;15-cs3006tx;Intel;Corei5;;;8;DDR4;;1024;HybridDrive;;BangOlufsenspeakers;NVIDIAMX250;NVIDIA;2;Wi-Fi,Bluetooth;;;3;1;1;1;;;;1920;1080;24,5;36,2;1,8
333;ASUSVivoBook15X509FA-EJ341T15;4,4;8;39,99;29,999;ASUS;VivoBook15;TransparentSilver;15,6;1,9;LithiumMetalbatteries;X509FA-EJ341T;Intel;Corei3;3,9;2;4;DDR4;;1024;MechanicalHardDrive;SerialATA;Built-inspeaker;IntelIntegratedUHD620;Intel;;Wi-Fi,Bluetooth;802,11ac;2;2;1;1;;;;Windows;1920;1080;23,5;36;2,3
103;ASUSVivoBook14X409FA-EK555T;3,9;66;52,99;48,99;ASUS;ASUS;TRANSPARENTSILVER;14;1,6;LithiumPolymerbatteries;X409FA-EK555T;Intel;Corei5;;4;8;DDR4;DDR4SDRAM;512;FlashMemorySolidState;;Built-inspeaker;IntelUHDGraphics620;;;Wi-Fi,Bluetooth;;2;2;1;1;;;BatteryPowered;;1920;1080;21,6;32,5;2,3
334;LenovoIdeaPadS34081;4,6;17;95;60,5;Lenovo;IdeaPadS340;PlatinumGrey;15,6;1,79;LithiumPolymerbatteries;81VW00CVIN;Intel;Corei5;1,1;;8;DDR4;;512;FlashMemorySolidState;;DualSpeakerWithDolbyAudio;INTEGRATEDGRAPHICS;;;;;;2;1;1;;;;;1920;1080;35,8;24,5;1,8
8;LenovoIdeapadS145;;;29,29;23,921;Lenovo;IdeapadS145;Gray;15,6;1,85;LithiumPolymerbatteries;81N300J1IN;AMD;AMDA6;2,6;;4;DDR4;;256;FlashMemorySolidState;;DualSpeakerswithDolbyAudio;Integrated;;;;;1;2;1;1;;;;;1366;768;36,3;25,1;2
335;HP15TouchscreenLaptop;3,5;264;42,911;37,99;HP;;;15,6;2,18;Lithiumionbatteries;ds0043tu;Intel;Corei3;2,3;2;4;;;1024;MechanicalHardDrive;;;IntelHDGraphics620;;;;;;;;;;;BatteryPowered;;;;37,6;24,6;2,3
336;LenovoIdeapadS340;3,7;46;79;64;Lenovo;;;14;1,55;LithiumPolymerbatteries;81VV008TIN;Intel;Corei5;1;4;8;;DDR4SDRAM;1024;HybridDrive;eSATA;;INTEGRATEDGRAPHICS;;;;;;;;;;;BatteryPowered;Windows;;;32,3;23;1,8